-- phpMyAdmin SQL Dump
-- version 5.0.2
-- https://www.phpmyadmin.net/
--
-- Host: localhost
-- Creato il: Giu 11, 2020 alle 23:36
-- Versione del server: 10.4.11-MariaDB
-- Versione PHP: 7.2.30

SET SQL_MODE = "NO_AUTO_VALUE_ON_ZERO";
START TRANSACTION;
SET time_zone = "+00:00";


/*!40101 SET @OLD_CHARACTER_SET_CLIENT=@@CHARACTER_SET_CLIENT */;
/*!40101 SET @OLD_CHARACTER_SET_RESULTS=@@CHARACTER_SET_RESULTS */;
/*!40101 SET @OLD_COLLATION_CONNECTION=@@COLLATION_CONNECTION */;
/*!40101 SET NAMES utf8mb4 */;

--
-- Database: `poleis_krieg`
--

-- --------------------------------------------------------

--
-- Struttura della tabella `AccountEntity`
--

CREATE TABLE `AccountEntity` (
  `username` varchar(50) COLLATE utf8_bin NOT NULL,
  `password` varchar(50) COLLATE utf8_bin NOT NULL
) ENGINE=InnoDB DEFAULT CHARSET=utf8 COLLATE=utf8_bin;

--
-- Dump dei dati per la tabella `AccountEntity`
--

INSERT INTO `AccountEntity` (`username`, `password`) VALUES
('An', 'dc'),
('Antosd', 'aaa'),
('Franco', 'franco'),
('Paolo', 'franco'),
('SommoKeivan', 'cane'),
('cane', 'maiale'),
('ciao', 'ciao'),
('paolo', 's'),
('paolos', 'paolo'),
('prova', 'prova'),
('s', 'e');

-- --------------------------------------------------------

--
-- Struttura della tabella `CaseEntity`
--

CREATE TABLE `CaseEntity` (
  `gameId` bigint(20) NOT NULL,
  `x` int(11) NOT NULL,
  `y` int(11) NOT NULL,
  `terrain` varchar(200) COLLATE utf8_bin NOT NULL
) ENGINE=InnoDB DEFAULT CHARSET=utf8 COLLATE=utf8_bin;

--
-- Dump dei dati per la tabella `CaseEntity`
--

INSERT INTO `CaseEntity` (`gameId`, `x`, `y`, `terrain`) VALUES
(1, 0, 0, 'com.example.poleiskrieg.logics.game.model.objects.terrains.WaterTerrain'),
(1, 0, 1, 'com.example.poleiskrieg.logics.game.model.objects.terrains.WaterTerrain'),
(1, 0, 2, 'com.example.poleiskrieg.logics.game.model.objects.terrains.WaterTerrain'),
(1, 0, 3, 'com.example.poleiskrieg.logics.game.model.objects.terrains.WaterTerrain'),
(1, 0, 4, 'com.example.poleiskrieg.logics.game.model.objects.terrains.WaterTerrain'),
(1, 0, 5, 'com.example.poleiskrieg.logics.game.model.objects.terrains.WaterTerrain'),
(1, 0, 6, 'com.example.poleiskrieg.logics.game.model.objects.terrains.WaterTerrain'),
(1, 0, 7, 'com.example.poleiskrieg.logics.game.model.objects.terrains.WaterTerrain'),
(1, 0, 8, 'com.example.poleiskrieg.logics.game.model.objects.terrains.WaterTerrain'),
(1, 0, 9, 'com.example.poleiskrieg.logics.game.model.objects.terrains.WaterTerrain'),
(1, 0, 10, 'com.example.poleiskrieg.logics.game.model.objects.terrains.WaterTerrain'),
(1, 0, 11, 'com.example.poleiskrieg.logics.game.model.objects.terrains.WaterTerrain'),
(1, 0, 12, 'com.example.poleiskrieg.logics.game.model.objects.terrains.WaterTerrain'),
(1, 0, 13, 'com.example.poleiskrieg.logics.game.model.objects.terrains.WaterTerrain'),
(1, 0, 14, 'com.example.poleiskrieg.logics.game.model.objects.terrains.WaterTerrain'),
(1, 0, 15, 'com.example.poleiskrieg.logics.game.model.objects.terrains.WaterTerrain'),
(1, 0, 16, 'com.example.poleiskrieg.logics.game.model.objects.terrains.WaterTerrain'),
(1, 0, 17, 'com.example.poleiskrieg.logics.game.model.objects.terrains.WaterTerrain'),
(1, 0, 18, 'com.example.poleiskrieg.logics.game.model.objects.terrains.WaterTerrain'),
(1, 0, 19, 'com.example.poleiskrieg.logics.game.model.objects.terrains.WaterTerrain'),
(1, 1, 0, 'com.example.poleiskrieg.logics.game.model.objects.terrains.WaterTerrain'),
(1, 1, 1, 'com.example.poleiskrieg.logics.game.model.objects.terrains.WaterTerrain'),
(1, 1, 2, 'com.example.poleiskrieg.logics.game.model.objects.terrains.WaterTerrain'),
(1, 1, 3, 'com.example.poleiskrieg.logics.game.model.objects.terrains.WaterTerrain'),
(1, 1, 4, 'com.example.poleiskrieg.logics.game.model.objects.terrains.WaterTerrain'),
(1, 1, 5, 'com.example.poleiskrieg.logics.game.model.objects.terrains.WaterTerrain'),
(1, 1, 6, 'com.example.poleiskrieg.logics.game.model.objects.terrains.WaterTerrain'),
(1, 1, 7, 'com.example.poleiskrieg.logics.game.model.objects.terrains.WaterTerrain'),
(1, 1, 8, 'com.example.poleiskrieg.logics.game.model.objects.terrains.WaterTerrain'),
(1, 1, 9, 'com.example.poleiskrieg.logics.game.model.objects.terrains.WaterTerrain'),
(1, 1, 10, 'com.example.poleiskrieg.logics.game.model.objects.terrains.WaterTerrain'),
(1, 1, 11, 'com.example.poleiskrieg.logics.game.model.objects.terrains.WaterTerrain'),
(1, 1, 12, 'com.example.poleiskrieg.logics.game.model.objects.terrains.WaterTerrain'),
(1, 1, 13, 'com.example.poleiskrieg.logics.game.model.objects.terrains.WaterTerrain'),
(1, 1, 14, 'com.example.poleiskrieg.logics.game.model.objects.terrains.WaterTerrain'),
(1, 1, 15, 'com.example.poleiskrieg.logics.game.model.objects.terrains.WaterTerrain'),
(1, 1, 16, 'com.example.poleiskrieg.logics.game.model.objects.terrains.WaterTerrain'),
(1, 1, 17, 'com.example.poleiskrieg.logics.game.model.objects.terrains.WaterTerrain'),
(1, 1, 18, 'com.example.poleiskrieg.logics.game.model.objects.terrains.WaterTerrain'),
(1, 1, 19, 'com.example.poleiskrieg.logics.game.model.objects.terrains.WaterTerrain'),
(1, 2, 0, 'com.example.poleiskrieg.logics.game.model.objects.terrains.WaterTerrain'),
(1, 2, 1, 'com.example.poleiskrieg.logics.game.model.objects.terrains.WaterTerrain'),
(1, 2, 2, 'com.example.poleiskrieg.logics.game.model.objects.terrains.BasicTerrain'),
(1, 2, 3, 'com.example.poleiskrieg.logics.game.model.objects.terrains.BasicTerrain'),
(1, 2, 4, 'com.example.poleiskrieg.logics.game.model.objects.terrains.BasicTerrain'),
(1, 2, 5, 'com.example.poleiskrieg.logics.game.model.objects.terrains.BasicTerrain'),
(1, 2, 6, 'com.example.poleiskrieg.logics.game.model.objects.terrains.BasicTerrain'),
(1, 2, 7, 'com.example.poleiskrieg.logics.game.model.objects.terrains.BasicTerrain'),
(1, 2, 8, 'com.example.poleiskrieg.logics.game.model.objects.terrains.WaterTerrain'),
(1, 2, 9, 'com.example.poleiskrieg.logics.game.model.objects.terrains.WaterTerrain'),
(1, 2, 10, 'com.example.poleiskrieg.logics.game.model.objects.terrains.WaterTerrain'),
(1, 2, 11, 'com.example.poleiskrieg.logics.game.model.objects.terrains.BasicTerrain'),
(1, 2, 12, 'com.example.poleiskrieg.logics.game.model.objects.terrains.BasicTerrain'),
(1, 2, 13, 'com.example.poleiskrieg.logics.game.model.objects.terrains.BasicTerrain'),
(1, 2, 14, 'com.example.poleiskrieg.logics.game.model.objects.terrains.BasicTerrain'),
(1, 2, 15, 'com.example.poleiskrieg.logics.game.model.objects.terrains.BasicTerrain'),
(1, 2, 16, 'com.example.poleiskrieg.logics.game.model.objects.terrains.BasicTerrain'),
(1, 2, 17, 'com.example.poleiskrieg.logics.game.model.objects.terrains.BasicTerrain'),
(1, 2, 18, 'com.example.poleiskrieg.logics.game.model.objects.terrains.WaterTerrain'),
(1, 2, 19, 'com.example.poleiskrieg.logics.game.model.objects.terrains.WaterTerrain'),
(1, 3, 0, 'com.example.poleiskrieg.logics.game.model.objects.terrains.WaterTerrain'),
(1, 3, 1, 'com.example.poleiskrieg.logics.game.model.objects.terrains.WaterTerrain'),
(1, 3, 2, 'com.example.poleiskrieg.logics.game.model.objects.terrains.MountainTerrain'),
(1, 3, 3, 'com.example.poleiskrieg.logics.game.model.objects.terrains.BasicTerrain'),
(1, 3, 4, 'com.example.poleiskrieg.logics.game.model.objects.terrains.BasicTerrain'),
(1, 3, 5, 'com.example.poleiskrieg.logics.game.model.objects.terrains.BasicTerrain'),
(1, 3, 6, 'com.example.poleiskrieg.logics.game.model.objects.terrains.BasicTerrain'),
(1, 3, 7, 'com.example.poleiskrieg.logics.game.model.objects.terrains.BasicTerrain'),
(1, 3, 8, 'com.example.poleiskrieg.logics.game.model.objects.terrains.WaterTerrain'),
(1, 3, 9, 'com.example.poleiskrieg.logics.game.model.objects.terrains.WaterTerrain'),
(1, 3, 10, 'com.example.poleiskrieg.logics.game.model.objects.terrains.WaterTerrain'),
(1, 3, 11, 'com.example.poleiskrieg.logics.game.model.objects.terrains.BasicTerrain'),
(1, 3, 12, 'com.example.poleiskrieg.logics.game.model.objects.terrains.BasicTerrain'),
(1, 3, 13, 'com.example.poleiskrieg.logics.game.model.objects.terrains.BasicTerrain'),
(1, 3, 14, 'com.example.poleiskrieg.logics.game.model.objects.terrains.BasicTerrain'),
(1, 3, 15, 'com.example.poleiskrieg.logics.game.model.objects.terrains.BasicTerrain'),
(1, 3, 16, 'com.example.poleiskrieg.logics.game.model.objects.terrains.BasicTerrain'),
(1, 3, 17, 'com.example.poleiskrieg.logics.game.model.objects.terrains.BasicTerrain'),
(1, 3, 18, 'com.example.poleiskrieg.logics.game.model.objects.terrains.WaterTerrain'),
(1, 3, 19, 'com.example.poleiskrieg.logics.game.model.objects.terrains.WaterTerrain'),
(1, 4, 0, 'com.example.poleiskrieg.logics.game.model.objects.terrains.WaterTerrain'),
(1, 4, 1, 'com.example.poleiskrieg.logics.game.model.objects.terrains.WaterTerrain'),
(1, 4, 2, 'com.example.poleiskrieg.logics.game.model.objects.terrains.BasicTerrain'),
(1, 4, 3, 'com.example.poleiskrieg.logics.game.model.objects.terrains.BasicTerrain'),
(1, 4, 4, 'com.example.poleiskrieg.logics.game.model.objects.terrains.BasicTerrain'),
(1, 4, 5, 'com.example.poleiskrieg.logics.game.model.objects.terrains.BasicTerrain'),
(1, 4, 6, 'com.example.poleiskrieg.logics.game.model.objects.terrains.BasicTerrain'),
(1, 4, 7, 'com.example.poleiskrieg.logics.game.model.objects.terrains.BasicTerrain'),
(1, 4, 8, 'com.example.poleiskrieg.logics.game.model.objects.terrains.WaterTerrain'),
(1, 4, 9, 'com.example.poleiskrieg.logics.game.model.objects.terrains.WaterTerrain'),
(1, 4, 10, 'com.example.poleiskrieg.logics.game.model.objects.terrains.WaterTerrain'),
(1, 4, 11, 'com.example.poleiskrieg.logics.game.model.objects.terrains.BasicTerrain'),
(1, 4, 12, 'com.example.poleiskrieg.logics.game.model.objects.terrains.BasicTerrain'),
(1, 4, 13, 'com.example.poleiskrieg.logics.game.model.objects.terrains.BasicTerrain'),
(1, 4, 14, 'com.example.poleiskrieg.logics.game.model.objects.terrains.BasicTerrain'),
(1, 4, 15, 'com.example.poleiskrieg.logics.game.model.objects.terrains.BasicTerrain'),
(1, 4, 16, 'com.example.poleiskrieg.logics.game.model.objects.terrains.BasicTerrain'),
(1, 4, 17, 'com.example.poleiskrieg.logics.game.model.objects.terrains.BasicTerrain'),
(1, 4, 18, 'com.example.poleiskrieg.logics.game.model.objects.terrains.WaterTerrain'),
(1, 4, 19, 'com.example.poleiskrieg.logics.game.model.objects.terrains.WaterTerrain'),
(1, 5, 0, 'com.example.poleiskrieg.logics.game.model.objects.terrains.WaterTerrain'),
(1, 5, 1, 'com.example.poleiskrieg.logics.game.model.objects.terrains.WaterTerrain'),
(1, 5, 2, 'com.example.poleiskrieg.logics.game.model.objects.terrains.BasicTerrain'),
(1, 5, 3, 'com.example.poleiskrieg.logics.game.model.objects.terrains.BasicTerrain'),
(1, 5, 4, 'com.example.poleiskrieg.logics.game.model.objects.terrains.BasicTerrain'),
(1, 5, 5, 'com.example.poleiskrieg.logics.game.model.objects.terrains.BasicTerrain'),
(1, 5, 6, 'com.example.poleiskrieg.logics.game.model.objects.terrains.BasicTerrain'),
(1, 5, 7, 'com.example.poleiskrieg.logics.game.model.objects.terrains.BasicTerrain'),
(1, 5, 8, 'com.example.poleiskrieg.logics.game.model.objects.terrains.WaterTerrain'),
(1, 5, 9, 'com.example.poleiskrieg.logics.game.model.objects.terrains.WaterTerrain'),
(1, 5, 10, 'com.example.poleiskrieg.logics.game.model.objects.terrains.WaterTerrain'),
(1, 5, 11, 'com.example.poleiskrieg.logics.game.model.objects.terrains.BasicTerrain'),
(1, 5, 12, 'com.example.poleiskrieg.logics.game.model.objects.terrains.BasicTerrain'),
(1, 5, 13, 'com.example.poleiskrieg.logics.game.model.objects.terrains.BasicTerrain'),
(1, 5, 14, 'com.example.poleiskrieg.logics.game.model.objects.terrains.MountainTerrain'),
(1, 5, 15, 'com.example.poleiskrieg.logics.game.model.objects.terrains.BasicTerrain'),
(1, 5, 16, 'com.example.poleiskrieg.logics.game.model.objects.terrains.BasicTerrain'),
(1, 5, 17, 'com.example.poleiskrieg.logics.game.model.objects.terrains.BasicTerrain'),
(1, 5, 18, 'com.example.poleiskrieg.logics.game.model.objects.terrains.WaterTerrain'),
(1, 5, 19, 'com.example.poleiskrieg.logics.game.model.objects.terrains.WaterTerrain'),
(1, 6, 0, 'com.example.poleiskrieg.logics.game.model.objects.terrains.WaterTerrain'),
(1, 6, 1, 'com.example.poleiskrieg.logics.game.model.objects.terrains.WaterTerrain'),
(1, 6, 2, 'com.example.poleiskrieg.logics.game.model.objects.terrains.MountainTerrain'),
(1, 6, 3, 'com.example.poleiskrieg.logics.game.model.objects.terrains.BasicTerrain'),
(1, 6, 4, 'com.example.poleiskrieg.logics.game.model.objects.terrains.BasicTerrain'),
(1, 6, 5, 'com.example.poleiskrieg.logics.game.model.objects.terrains.BasicTerrain'),
(1, 6, 6, 'com.example.poleiskrieg.logics.game.model.objects.terrains.BasicTerrain'),
(1, 6, 7, 'com.example.poleiskrieg.logics.game.model.objects.terrains.BasicTerrain'),
(1, 6, 8, 'com.example.poleiskrieg.logics.game.model.objects.terrains.WaterTerrain'),
(1, 6, 9, 'com.example.poleiskrieg.logics.game.model.objects.terrains.WaterTerrain'),
(1, 6, 10, 'com.example.poleiskrieg.logics.game.model.objects.terrains.WaterTerrain'),
(1, 6, 11, 'com.example.poleiskrieg.logics.game.model.objects.terrains.BasicTerrain'),
(1, 6, 12, 'com.example.poleiskrieg.logics.game.model.objects.terrains.MountainTerrain'),
(1, 6, 13, 'com.example.poleiskrieg.logics.game.model.objects.terrains.BasicTerrain'),
(1, 6, 14, 'com.example.poleiskrieg.logics.game.model.objects.terrains.BasicTerrain'),
(1, 6, 15, 'com.example.poleiskrieg.logics.game.model.objects.terrains.BasicTerrain'),
(1, 6, 16, 'com.example.poleiskrieg.logics.game.model.objects.terrains.BasicTerrain'),
(1, 6, 17, 'com.example.poleiskrieg.logics.game.model.objects.terrains.BasicTerrain'),
(1, 6, 18, 'com.example.poleiskrieg.logics.game.model.objects.terrains.WaterTerrain'),
(1, 6, 19, 'com.example.poleiskrieg.logics.game.model.objects.terrains.WaterTerrain'),
(1, 7, 0, 'com.example.poleiskrieg.logics.game.model.objects.terrains.WaterTerrain'),
(1, 7, 1, 'com.example.poleiskrieg.logics.game.model.objects.terrains.WaterTerrain'),
(1, 7, 2, 'com.example.poleiskrieg.logics.game.model.objects.terrains.BasicTerrain'),
(1, 7, 3, 'com.example.poleiskrieg.logics.game.model.objects.terrains.BasicTerrain'),
(1, 7, 4, 'com.example.poleiskrieg.logics.game.model.objects.terrains.MountainTerrain'),
(1, 7, 5, 'com.example.poleiskrieg.logics.game.model.objects.terrains.BasicTerrain'),
(1, 7, 6, 'com.example.poleiskrieg.logics.game.model.objects.terrains.MountainTerrain'),
(1, 7, 7, 'com.example.poleiskrieg.logics.game.model.objects.terrains.BasicTerrain'),
(1, 7, 8, 'com.example.poleiskrieg.logics.game.model.objects.terrains.WaterTerrain'),
(1, 7, 9, 'com.example.poleiskrieg.logics.game.model.objects.terrains.WaterTerrain'),
(1, 7, 10, 'com.example.poleiskrieg.logics.game.model.objects.terrains.WaterTerrain'),
(1, 7, 11, 'com.example.poleiskrieg.logics.game.model.objects.terrains.MountainTerrain'),
(1, 7, 12, 'com.example.poleiskrieg.logics.game.model.objects.terrains.BasicTerrain'),
(1, 7, 13, 'com.example.poleiskrieg.logics.game.model.objects.terrains.BasicTerrain'),
(1, 7, 14, 'com.example.poleiskrieg.logics.game.model.objects.terrains.BasicTerrain'),
(1, 7, 15, 'com.example.poleiskrieg.logics.game.model.objects.terrains.BasicTerrain'),
(1, 7, 16, 'com.example.poleiskrieg.logics.game.model.objects.terrains.BasicTerrain'),
(1, 7, 17, 'com.example.poleiskrieg.logics.game.model.objects.terrains.BasicTerrain'),
(1, 7, 18, 'com.example.poleiskrieg.logics.game.model.objects.terrains.WaterTerrain'),
(1, 7, 19, 'com.example.poleiskrieg.logics.game.model.objects.terrains.WaterTerrain'),
(1, 8, 0, 'com.example.poleiskrieg.logics.game.model.objects.terrains.WaterTerrain'),
(1, 8, 1, 'com.example.poleiskrieg.logics.game.model.objects.terrains.WaterTerrain'),
(1, 8, 2, 'com.example.poleiskrieg.logics.game.model.objects.terrains.BasicTerrain'),
(1, 8, 3, 'com.example.poleiskrieg.logics.game.model.objects.terrains.BasicTerrain'),
(1, 8, 4, 'com.example.poleiskrieg.logics.game.model.objects.terrains.BasicTerrain'),
(1, 8, 5, 'com.example.poleiskrieg.logics.game.model.objects.terrains.BasicTerrain'),
(1, 8, 6, 'com.example.poleiskrieg.logics.game.model.objects.terrains.BasicTerrain'),
(1, 8, 7, 'com.example.poleiskrieg.logics.game.model.objects.terrains.BasicTerrain'),
(1, 8, 8, 'com.example.poleiskrieg.logics.game.model.objects.terrains.WaterTerrain'),
(1, 8, 9, 'com.example.poleiskrieg.logics.game.model.objects.terrains.WaterTerrain'),
(1, 8, 10, 'com.example.poleiskrieg.logics.game.model.objects.terrains.WaterTerrain'),
(1, 8, 11, 'com.example.poleiskrieg.logics.game.model.objects.terrains.BasicTerrain'),
(1, 8, 12, 'com.example.poleiskrieg.logics.game.model.objects.terrains.BasicTerrain'),
(1, 8, 13, 'com.example.poleiskrieg.logics.game.model.objects.terrains.BasicTerrain'),
(1, 8, 14, 'com.example.poleiskrieg.logics.game.model.objects.terrains.BasicTerrain'),
(1, 8, 15, 'com.example.poleiskrieg.logics.game.model.objects.terrains.BasicTerrain'),
(1, 8, 16, 'com.example.poleiskrieg.logics.game.model.objects.terrains.BasicTerrain'),
(1, 8, 17, 'com.example.poleiskrieg.logics.game.model.objects.terrains.BasicTerrain'),
(1, 8, 18, 'com.example.poleiskrieg.logics.game.model.objects.terrains.WaterTerrain'),
(1, 8, 19, 'com.example.poleiskrieg.logics.game.model.objects.terrains.WaterTerrain'),
(1, 9, 0, 'com.example.poleiskrieg.logics.game.model.objects.terrains.WaterTerrain'),
(1, 9, 1, 'com.example.poleiskrieg.logics.game.model.objects.terrains.WaterTerrain'),
(1, 9, 2, 'com.example.poleiskrieg.logics.game.model.objects.terrains.BasicTerrain'),
(1, 9, 3, 'com.example.poleiskrieg.logics.game.model.objects.terrains.BasicTerrain'),
(1, 9, 4, 'com.example.poleiskrieg.logics.game.model.objects.terrains.BasicTerrain'),
(1, 9, 5, 'com.example.poleiskrieg.logics.game.model.objects.terrains.BasicTerrain'),
(1, 9, 6, 'com.example.poleiskrieg.logics.game.model.objects.terrains.BasicTerrain'),
(1, 9, 7, 'com.example.poleiskrieg.logics.game.model.objects.terrains.BasicTerrain'),
(1, 9, 8, 'com.example.poleiskrieg.logics.game.model.objects.terrains.WaterTerrain'),
(1, 9, 9, 'com.example.poleiskrieg.logics.game.model.objects.terrains.WaterTerrain'),
(1, 9, 10, 'com.example.poleiskrieg.logics.game.model.objects.terrains.WaterTerrain'),
(1, 9, 11, 'com.example.poleiskrieg.logics.game.model.objects.terrains.BasicTerrain'),
(1, 9, 12, 'com.example.poleiskrieg.logics.game.model.objects.terrains.BasicTerrain'),
(1, 9, 13, 'com.example.poleiskrieg.logics.game.model.objects.terrains.MountainTerrain'),
(1, 9, 14, 'com.example.poleiskrieg.logics.game.model.objects.terrains.BasicTerrain'),
(1, 9, 15, 'com.example.poleiskrieg.logics.game.model.objects.terrains.BasicTerrain'),
(1, 9, 16, 'com.example.poleiskrieg.logics.game.model.objects.terrains.MountainTerrain'),
(1, 9, 17, 'com.example.poleiskrieg.logics.game.model.objects.terrains.BasicTerrain'),
(1, 9, 18, 'com.example.poleiskrieg.logics.game.model.objects.terrains.WaterTerrain'),
(1, 9, 19, 'com.example.poleiskrieg.logics.game.model.objects.terrains.WaterTerrain'),
(1, 10, 0, 'com.example.poleiskrieg.logics.game.model.objects.terrains.WaterTerrain'),
(1, 10, 1, 'com.example.poleiskrieg.logics.game.model.objects.terrains.WaterTerrain'),
(1, 10, 2, 'com.example.poleiskrieg.logics.game.model.objects.terrains.BasicTerrain'),
(1, 10, 3, 'com.example.poleiskrieg.logics.game.model.objects.terrains.BasicTerrain'),
(1, 10, 4, 'com.example.poleiskrieg.logics.game.model.objects.terrains.BasicTerrain'),
(1, 10, 5, 'com.example.poleiskrieg.logics.game.model.objects.terrains.BasicTerrain'),
(1, 10, 6, 'com.example.poleiskrieg.logics.game.model.objects.terrains.BasicTerrain'),
(1, 10, 7, 'com.example.poleiskrieg.logics.game.model.objects.terrains.BasicTerrain'),
(1, 10, 8, 'com.example.poleiskrieg.logics.game.model.objects.terrains.WaterTerrain'),
(1, 10, 9, 'com.example.poleiskrieg.logics.game.model.objects.terrains.WaterTerrain'),
(1, 10, 10, 'com.example.poleiskrieg.logics.game.model.objects.terrains.WaterTerrain'),
(1, 10, 11, 'com.example.poleiskrieg.logics.game.model.objects.terrains.BasicTerrain'),
(1, 10, 12, 'com.example.poleiskrieg.logics.game.model.objects.terrains.BasicTerrain'),
(1, 10, 13, 'com.example.poleiskrieg.logics.game.model.objects.terrains.BasicTerrain'),
(1, 10, 14, 'com.example.poleiskrieg.logics.game.model.objects.terrains.BasicTerrain'),
(1, 10, 15, 'com.example.poleiskrieg.logics.game.model.objects.terrains.BasicTerrain'),
(1, 10, 16, 'com.example.poleiskrieg.logics.game.model.objects.terrains.BasicTerrain'),
(1, 10, 17, 'com.example.poleiskrieg.logics.game.model.objects.terrains.BasicTerrain'),
(1, 10, 18, 'com.example.poleiskrieg.logics.game.model.objects.terrains.WaterTerrain'),
(1, 10, 19, 'com.example.poleiskrieg.logics.game.model.objects.terrains.WaterTerrain'),
(1, 11, 0, 'com.example.poleiskrieg.logics.game.model.objects.terrains.WaterTerrain'),
(1, 11, 1, 'com.example.poleiskrieg.logics.game.model.objects.terrains.WaterTerrain'),
(1, 11, 2, 'com.example.poleiskrieg.logics.game.model.objects.terrains.BasicTerrain'),
(1, 11, 3, 'com.example.poleiskrieg.logics.game.model.objects.terrains.BasicTerrain'),
(1, 11, 4, 'com.example.poleiskrieg.logics.game.model.objects.terrains.BasicTerrain'),
(1, 11, 5, 'com.example.poleiskrieg.logics.game.model.objects.terrains.MountainTerrain'),
(1, 11, 6, 'com.example.poleiskrieg.logics.game.model.objects.terrains.BasicTerrain'),
(1, 11, 7, 'com.example.poleiskrieg.logics.game.model.objects.terrains.BasicTerrain'),
(1, 11, 8, 'com.example.poleiskrieg.logics.game.model.objects.terrains.WaterTerrain'),
(1, 11, 9, 'com.example.poleiskrieg.logics.game.model.objects.terrains.WaterTerrain'),
(1, 11, 10, 'com.example.poleiskrieg.logics.game.model.objects.terrains.WaterTerrain'),
(1, 11, 11, 'com.example.poleiskrieg.logics.game.model.objects.terrains.BasicTerrain'),
(1, 11, 12, 'com.example.poleiskrieg.logics.game.model.objects.terrains.BasicTerrain'),
(1, 11, 13, 'com.example.poleiskrieg.logics.game.model.objects.terrains.BasicTerrain'),
(1, 11, 14, 'com.example.poleiskrieg.logics.game.model.objects.terrains.BasicTerrain'),
(1, 11, 15, 'com.example.poleiskrieg.logics.game.model.objects.terrains.BasicTerrain'),
(1, 11, 16, 'com.example.poleiskrieg.logics.game.model.objects.terrains.BasicTerrain'),
(1, 11, 17, 'com.example.poleiskrieg.logics.game.model.objects.terrains.BasicTerrain'),
(1, 11, 18, 'com.example.poleiskrieg.logics.game.model.objects.terrains.WaterTerrain'),
(1, 11, 19, 'com.example.poleiskrieg.logics.game.model.objects.terrains.WaterTerrain'),
(1, 12, 0, 'com.example.poleiskrieg.logics.game.model.objects.terrains.WaterTerrain'),
(1, 12, 1, 'com.example.poleiskrieg.logics.game.model.objects.terrains.WaterTerrain'),
(1, 12, 2, 'com.example.poleiskrieg.logics.game.model.objects.terrains.BasicTerrain'),
(1, 12, 3, 'com.example.poleiskrieg.logics.game.model.objects.terrains.BasicTerrain'),
(1, 12, 4, 'com.example.poleiskrieg.logics.game.model.objects.terrains.BasicTerrain'),
(1, 12, 5, 'com.example.poleiskrieg.logics.game.model.objects.terrains.BasicTerrain'),
(1, 12, 6, 'com.example.poleiskrieg.logics.game.model.objects.terrains.MountainTerrain'),
(1, 12, 7, 'com.example.poleiskrieg.logics.game.model.objects.terrains.BasicTerrain'),
(1, 12, 8, 'com.example.poleiskrieg.logics.game.model.objects.terrains.WaterTerrain'),
(1, 12, 9, 'com.example.poleiskrieg.logics.game.model.objects.terrains.WaterTerrain'),
(1, 12, 10, 'com.example.poleiskrieg.logics.game.model.objects.terrains.WaterTerrain'),
(1, 12, 11, 'com.example.poleiskrieg.logics.game.model.objects.terrains.BasicTerrain'),
(1, 12, 12, 'com.example.poleiskrieg.logics.game.model.objects.terrains.BasicTerrain'),
(1, 12, 13, 'com.example.poleiskrieg.logics.game.model.objects.terrains.BasicTerrain'),
(1, 12, 14, 'com.example.poleiskrieg.logics.game.model.objects.terrains.BasicTerrain'),
(1, 12, 15, 'com.example.poleiskrieg.logics.game.model.objects.terrains.BasicTerrain'),
(1, 12, 16, 'com.example.poleiskrieg.logics.game.model.objects.terrains.MountainTerrain'),
(1, 12, 17, 'com.example.poleiskrieg.logics.game.model.objects.terrains.BasicTerrain'),
(1, 12, 18, 'com.example.poleiskrieg.logics.game.model.objects.terrains.WaterTerrain'),
(1, 12, 19, 'com.example.poleiskrieg.logics.game.model.objects.terrains.WaterTerrain'),
(1, 13, 0, 'com.example.poleiskrieg.logics.game.model.objects.terrains.WaterTerrain'),
(1, 13, 1, 'com.example.poleiskrieg.logics.game.model.objects.terrains.WaterTerrain'),
(1, 13, 2, 'com.example.poleiskrieg.logics.game.model.objects.terrains.BasicTerrain'),
(1, 13, 3, 'com.example.poleiskrieg.logics.game.model.objects.terrains.BasicTerrain'),
(1, 13, 4, 'com.example.poleiskrieg.logics.game.model.objects.terrains.BasicTerrain'),
(1, 13, 5, 'com.example.poleiskrieg.logics.game.model.objects.terrains.BasicTerrain'),
(1, 13, 6, 'com.example.poleiskrieg.logics.game.model.objects.terrains.BasicTerrain'),
(1, 13, 7, 'com.example.poleiskrieg.logics.game.model.objects.terrains.BasicTerrain'),
(1, 13, 8, 'com.example.poleiskrieg.logics.game.model.objects.terrains.WaterTerrain'),
(1, 13, 9, 'com.example.poleiskrieg.logics.game.model.objects.terrains.WaterTerrain'),
(1, 13, 10, 'com.example.poleiskrieg.logics.game.model.objects.terrains.WaterTerrain'),
(1, 13, 11, 'com.example.poleiskrieg.logics.game.model.objects.terrains.BasicTerrain'),
(1, 13, 12, 'com.example.poleiskrieg.logics.game.model.objects.terrains.BasicTerrain'),
(1, 13, 13, 'com.example.poleiskrieg.logics.game.model.objects.terrains.BasicTerrain'),
(1, 13, 14, 'com.example.poleiskrieg.logics.game.model.objects.terrains.BasicTerrain'),
(1, 13, 15, 'com.example.poleiskrieg.logics.game.model.objects.terrains.BasicTerrain'),
(1, 13, 16, 'com.example.poleiskrieg.logics.game.model.objects.terrains.BasicTerrain'),
(1, 13, 17, 'com.example.poleiskrieg.logics.game.model.objects.terrains.BasicTerrain'),
(1, 13, 18, 'com.example.poleiskrieg.logics.game.model.objects.terrains.WaterTerrain'),
(1, 13, 19, 'com.example.poleiskrieg.logics.game.model.objects.terrains.WaterTerrain'),
(1, 14, 0, 'com.example.poleiskrieg.logics.game.model.objects.terrains.WaterTerrain'),
(1, 14, 1, 'com.example.poleiskrieg.logics.game.model.objects.terrains.WaterTerrain'),
(1, 14, 2, 'com.example.poleiskrieg.logics.game.model.objects.terrains.BasicTerrain'),
(1, 14, 3, 'com.example.poleiskrieg.logics.game.model.objects.terrains.BasicTerrain'),
(1, 14, 4, 'com.example.poleiskrieg.logics.game.model.objects.terrains.BasicTerrain'),
(1, 14, 5, 'com.example.poleiskrieg.logics.game.model.objects.terrains.BasicTerrain'),
(1, 14, 6, 'com.example.poleiskrieg.logics.game.model.objects.terrains.BasicTerrain'),
(1, 14, 7, 'com.example.poleiskrieg.logics.game.model.objects.terrains.BasicTerrain'),
(1, 14, 8, 'com.example.poleiskrieg.logics.game.model.objects.terrains.WaterTerrain'),
(1, 14, 9, 'com.example.poleiskrieg.logics.game.model.objects.terrains.WaterTerrain'),
(1, 14, 10, 'com.example.poleiskrieg.logics.game.model.objects.terrains.WaterTerrain'),
(1, 14, 11, 'com.example.poleiskrieg.logics.game.model.objects.terrains.BasicTerrain'),
(1, 14, 12, 'com.example.poleiskrieg.logics.game.model.objects.terrains.BasicTerrain'),
(1, 14, 13, 'com.example.poleiskrieg.logics.game.model.objects.terrains.BasicTerrain'),
(1, 14, 14, 'com.example.poleiskrieg.logics.game.model.objects.terrains.BasicTerrain'),
(1, 14, 15, 'com.example.poleiskrieg.logics.game.model.objects.terrains.BasicTerrain'),
(1, 14, 16, 'com.example.poleiskrieg.logics.game.model.objects.terrains.BasicTerrain'),
(1, 14, 17, 'com.example.poleiskrieg.logics.game.model.objects.terrains.BasicTerrain'),
(1, 14, 18, 'com.example.poleiskrieg.logics.game.model.objects.terrains.WaterTerrain'),
(1, 14, 19, 'com.example.poleiskrieg.logics.game.model.objects.terrains.WaterTerrain'),
(1, 15, 0, 'com.example.poleiskrieg.logics.game.model.objects.terrains.WaterTerrain'),
(1, 15, 1, 'com.example.poleiskrieg.logics.game.model.objects.terrains.WaterTerrain'),
(1, 15, 2, 'com.example.poleiskrieg.logics.game.model.objects.terrains.BasicTerrain'),
(1, 15, 3, 'com.example.poleiskrieg.logics.game.model.objects.terrains.BasicTerrain'),
(1, 15, 4, 'com.example.poleiskrieg.logics.game.model.objects.terrains.BasicTerrain'),
(1, 15, 5, 'com.example.poleiskrieg.logics.game.model.objects.terrains.BasicTerrain'),
(1, 15, 6, 'com.example.poleiskrieg.logics.game.model.objects.terrains.BasicTerrain'),
(1, 15, 7, 'com.example.poleiskrieg.logics.game.model.objects.terrains.BasicTerrain'),
(1, 15, 8, 'com.example.poleiskrieg.logics.game.model.objects.terrains.WaterTerrain'),
(1, 15, 9, 'com.example.poleiskrieg.logics.game.model.objects.terrains.WaterTerrain'),
(1, 15, 10, 'com.example.poleiskrieg.logics.game.model.objects.terrains.WaterTerrain'),
(1, 15, 11, 'com.example.poleiskrieg.logics.game.model.objects.terrains.BasicTerrain'),
(1, 15, 12, 'com.example.poleiskrieg.logics.game.model.objects.terrains.MountainTerrain'),
(1, 15, 13, 'com.example.poleiskrieg.logics.game.model.objects.terrains.MountainTerrain'),
(1, 15, 14, 'com.example.poleiskrieg.logics.game.model.objects.terrains.BasicTerrain'),
(1, 15, 15, 'com.example.poleiskrieg.logics.game.model.objects.terrains.BasicTerrain'),
(1, 15, 16, 'com.example.poleiskrieg.logics.game.model.objects.terrains.BasicTerrain'),
(1, 15, 17, 'com.example.poleiskrieg.logics.game.model.objects.terrains.BasicTerrain'),
(1, 15, 18, 'com.example.poleiskrieg.logics.game.model.objects.terrains.WaterTerrain'),
(1, 15, 19, 'com.example.poleiskrieg.logics.game.model.objects.terrains.WaterTerrain'),
(1, 16, 0, 'com.example.poleiskrieg.logics.game.model.objects.terrains.WaterTerrain'),
(1, 16, 1, 'com.example.poleiskrieg.logics.game.model.objects.terrains.WaterTerrain'),
(1, 16, 2, 'com.example.poleiskrieg.logics.game.model.objects.terrains.BasicTerrain'),
(1, 16, 3, 'com.example.poleiskrieg.logics.game.model.objects.terrains.BasicTerrain'),
(1, 16, 4, 'com.example.poleiskrieg.logics.game.model.objects.terrains.MountainTerrain'),
(1, 16, 5, 'com.example.poleiskrieg.logics.game.model.objects.terrains.BasicTerrain'),
(1, 16, 6, 'com.example.poleiskrieg.logics.game.model.objects.terrains.BasicTerrain'),
(1, 16, 7, 'com.example.poleiskrieg.logics.game.model.objects.terrains.BasicTerrain'),
(1, 16, 8, 'com.example.poleiskrieg.logics.game.model.objects.terrains.WaterTerrain'),
(1, 16, 9, 'com.example.poleiskrieg.logics.game.model.objects.terrains.WaterTerrain'),
(1, 16, 10, 'com.example.poleiskrieg.logics.game.model.objects.terrains.WaterTerrain'),
(1, 16, 11, 'com.example.poleiskrieg.logics.game.model.objects.terrains.BasicTerrain'),
(1, 16, 12, 'com.example.poleiskrieg.logics.game.model.objects.terrains.BasicTerrain'),
(1, 16, 13, 'com.example.poleiskrieg.logics.game.model.objects.terrains.BasicTerrain'),
(1, 16, 14, 'com.example.poleiskrieg.logics.game.model.objects.terrains.BasicTerrain'),
(1, 16, 15, 'com.example.poleiskrieg.logics.game.model.objects.terrains.BasicTerrain'),
(1, 16, 16, 'com.example.poleiskrieg.logics.game.model.objects.terrains.BasicTerrain'),
(1, 16, 17, 'com.example.poleiskrieg.logics.game.model.objects.terrains.BasicTerrain'),
(1, 16, 18, 'com.example.poleiskrieg.logics.game.model.objects.terrains.WaterTerrain'),
(1, 16, 19, 'com.example.poleiskrieg.logics.game.model.objects.terrains.WaterTerrain'),
(1, 17, 0, 'com.example.poleiskrieg.logics.game.model.objects.terrains.WaterTerrain'),
(1, 17, 1, 'com.example.poleiskrieg.logics.game.model.objects.terrains.WaterTerrain'),
(1, 17, 2, 'com.example.poleiskrieg.logics.game.model.objects.terrains.BasicTerrain'),
(1, 17, 3, 'com.example.poleiskrieg.logics.game.model.objects.terrains.BasicTerrain'),
(1, 17, 4, 'com.example.poleiskrieg.logics.game.model.objects.terrains.BasicTerrain'),
(1, 17, 5, 'com.example.poleiskrieg.logics.game.model.objects.terrains.BasicTerrain'),
(1, 17, 6, 'com.example.poleiskrieg.logics.game.model.objects.terrains.BasicTerrain'),
(1, 17, 7, 'com.example.poleiskrieg.logics.game.model.objects.terrains.BasicTerrain'),
(1, 17, 8, 'com.example.poleiskrieg.logics.game.model.objects.terrains.WaterTerrain'),
(1, 17, 9, 'com.example.poleiskrieg.logics.game.model.objects.terrains.WaterTerrain'),
(1, 17, 10, 'com.example.poleiskrieg.logics.game.model.objects.terrains.WaterTerrain'),
(1, 17, 11, 'com.example.poleiskrieg.logics.game.model.objects.terrains.BasicTerrain'),
(1, 17, 12, 'com.example.poleiskrieg.logics.game.model.objects.terrains.BasicTerrain'),
(1, 17, 13, 'com.example.poleiskrieg.logics.game.model.objects.terrains.BasicTerrain'),
(1, 17, 14, 'com.example.poleiskrieg.logics.game.model.objects.terrains.BasicTerrain'),
(1, 17, 15, 'com.example.poleiskrieg.logics.game.model.objects.terrains.BasicTerrain'),
(1, 17, 16, 'com.example.poleiskrieg.logics.game.model.objects.terrains.BasicTerrain'),
(1, 17, 17, 'com.example.poleiskrieg.logics.game.model.objects.terrains.BasicTerrain'),
(1, 17, 18, 'com.example.poleiskrieg.logics.game.model.objects.terrains.WaterTerrain'),
(1, 17, 19, 'com.example.poleiskrieg.logics.game.model.objects.terrains.WaterTerrain'),
(1, 18, 0, 'com.example.poleiskrieg.logics.game.model.objects.terrains.WaterTerrain'),
(1, 18, 1, 'com.example.poleiskrieg.logics.game.model.objects.terrains.WaterTerrain'),
(1, 18, 2, 'com.example.poleiskrieg.logics.game.model.objects.terrains.WaterTerrain'),
(1, 18, 3, 'com.example.poleiskrieg.logics.game.model.objects.terrains.WaterTerrain'),
(1, 18, 4, 'com.example.poleiskrieg.logics.game.model.objects.terrains.WaterTerrain'),
(1, 18, 5, 'com.example.poleiskrieg.logics.game.model.objects.terrains.WaterTerrain'),
(1, 18, 6, 'com.example.poleiskrieg.logics.game.model.objects.terrains.WaterTerrain'),
(1, 18, 7, 'com.example.poleiskrieg.logics.game.model.objects.terrains.WaterTerrain'),
(1, 18, 8, 'com.example.poleiskrieg.logics.game.model.objects.terrains.WaterTerrain'),
(1, 18, 9, 'com.example.poleiskrieg.logics.game.model.objects.terrains.WaterTerrain'),
(1, 18, 10, 'com.example.poleiskrieg.logics.game.model.objects.terrains.WaterTerrain'),
(1, 18, 11, 'com.example.poleiskrieg.logics.game.model.objects.terrains.WaterTerrain'),
(1, 18, 12, 'com.example.poleiskrieg.logics.game.model.objects.terrains.WaterTerrain'),
(1, 18, 13, 'com.example.poleiskrieg.logics.game.model.objects.terrains.WaterTerrain'),
(1, 18, 14, 'com.example.poleiskrieg.logics.game.model.objects.terrains.WaterTerrain'),
(1, 18, 15, 'com.example.poleiskrieg.logics.game.model.objects.terrains.WaterTerrain'),
(1, 18, 16, 'com.example.poleiskrieg.logics.game.model.objects.terrains.WaterTerrain'),
(1, 18, 17, 'com.example.poleiskrieg.logics.game.model.objects.terrains.WaterTerrain'),
(1, 18, 18, 'com.example.poleiskrieg.logics.game.model.objects.terrains.WaterTerrain'),
(1, 18, 19, 'com.example.poleiskrieg.logics.game.model.objects.terrains.WaterTerrain'),
(1, 19, 0, 'com.example.poleiskrieg.logics.game.model.objects.terrains.WaterTerrain'),
(1, 19, 1, 'com.example.poleiskrieg.logics.game.model.objects.terrains.WaterTerrain'),
(1, 19, 2, 'com.example.poleiskrieg.logics.game.model.objects.terrains.WaterTerrain'),
(1, 19, 3, 'com.example.poleiskrieg.logics.game.model.objects.terrains.WaterTerrain'),
(1, 19, 4, 'com.example.poleiskrieg.logics.game.model.objects.terrains.WaterTerrain'),
(1, 19, 5, 'com.example.poleiskrieg.logics.game.model.objects.terrains.WaterTerrain'),
(1, 19, 6, 'com.example.poleiskrieg.logics.game.model.objects.terrains.WaterTerrain'),
(1, 19, 7, 'com.example.poleiskrieg.logics.game.model.objects.terrains.WaterTerrain'),
(1, 19, 8, 'com.example.poleiskrieg.logics.game.model.objects.terrains.WaterTerrain'),
(1, 19, 9, 'com.example.poleiskrieg.logics.game.model.objects.terrains.WaterTerrain'),
(1, 19, 10, 'com.example.poleiskrieg.logics.game.model.objects.terrains.WaterTerrain'),
(1, 19, 11, 'com.example.poleiskrieg.logics.game.model.objects.terrains.WaterTerrain'),
(1, 19, 12, 'com.example.poleiskrieg.logics.game.model.objects.terrains.WaterTerrain'),
(1, 19, 13, 'com.example.poleiskrieg.logics.game.model.objects.terrains.WaterTerrain'),
(1, 19, 14, 'com.example.poleiskrieg.logics.game.model.objects.terrains.WaterTerrain'),
(1, 19, 15, 'com.example.poleiskrieg.logics.game.model.objects.terrains.WaterTerrain'),
(1, 19, 16, 'com.example.poleiskrieg.logics.game.model.objects.terrains.WaterTerrain'),
(1, 19, 17, 'com.example.poleiskrieg.logics.game.model.objects.terrains.WaterTerrain'),
(1, 19, 18, 'com.example.poleiskrieg.logics.game.model.objects.terrains.WaterTerrain'),
(1, 19, 19, 'com.example.poleiskrieg.logics.game.model.objects.terrains.WaterTerrain'),
(3, 0, 0, 'com.example.poleiskrieg.logics.game.model.objects.terrains.WaterTerrain'),
(3, 0, 1, 'com.example.poleiskrieg.logics.game.model.objects.terrains.WaterTerrain'),
(3, 0, 2, 'com.example.poleiskrieg.logics.game.model.objects.terrains.WaterTerrain'),
(3, 0, 3, 'com.example.poleiskrieg.logics.game.model.objects.terrains.WaterTerrain'),
(3, 0, 4, 'com.example.poleiskrieg.logics.game.model.objects.terrains.WaterTerrain'),
(3, 0, 5, 'com.example.poleiskrieg.logics.game.model.objects.terrains.WaterTerrain'),
(3, 0, 6, 'com.example.poleiskrieg.logics.game.model.objects.terrains.WaterTerrain'),
(3, 0, 7, 'com.example.poleiskrieg.logics.game.model.objects.terrains.WaterTerrain'),
(3, 0, 8, 'com.example.poleiskrieg.logics.game.model.objects.terrains.WaterTerrain'),
(3, 0, 9, 'com.example.poleiskrieg.logics.game.model.objects.terrains.WaterTerrain'),
(3, 0, 10, 'com.example.poleiskrieg.logics.game.model.objects.terrains.WaterTerrain'),
(3, 0, 11, 'com.example.poleiskrieg.logics.game.model.objects.terrains.WaterTerrain'),
(3, 0, 12, 'com.example.poleiskrieg.logics.game.model.objects.terrains.WaterTerrain'),
(3, 0, 13, 'com.example.poleiskrieg.logics.game.model.objects.terrains.WaterTerrain'),
(3, 0, 14, 'com.example.poleiskrieg.logics.game.model.objects.terrains.WaterTerrain'),
(3, 0, 15, 'com.example.poleiskrieg.logics.game.model.objects.terrains.WaterTerrain'),
(3, 0, 16, 'com.example.poleiskrieg.logics.game.model.objects.terrains.WaterTerrain'),
(3, 0, 17, 'com.example.poleiskrieg.logics.game.model.objects.terrains.WaterTerrain'),
(3, 0, 18, 'com.example.poleiskrieg.logics.game.model.objects.terrains.WaterTerrain'),
(3, 0, 19, 'com.example.poleiskrieg.logics.game.model.objects.terrains.WaterTerrain'),
(3, 1, 0, 'com.example.poleiskrieg.logics.game.model.objects.terrains.WaterTerrain'),
(3, 1, 1, 'com.example.poleiskrieg.logics.game.model.objects.terrains.WaterTerrain'),
(3, 1, 2, 'com.example.poleiskrieg.logics.game.model.objects.terrains.WaterTerrain'),
(3, 1, 3, 'com.example.poleiskrieg.logics.game.model.objects.terrains.WaterTerrain'),
(3, 1, 4, 'com.example.poleiskrieg.logics.game.model.objects.terrains.WaterTerrain'),
(3, 1, 5, 'com.example.poleiskrieg.logics.game.model.objects.terrains.WaterTerrain'),
(3, 1, 6, 'com.example.poleiskrieg.logics.game.model.objects.terrains.WaterTerrain'),
(3, 1, 7, 'com.example.poleiskrieg.logics.game.model.objects.terrains.WaterTerrain'),
(3, 1, 8, 'com.example.poleiskrieg.logics.game.model.objects.terrains.WaterTerrain'),
(3, 1, 9, 'com.example.poleiskrieg.logics.game.model.objects.terrains.WaterTerrain'),
(3, 1, 10, 'com.example.poleiskrieg.logics.game.model.objects.terrains.WaterTerrain'),
(3, 1, 11, 'com.example.poleiskrieg.logics.game.model.objects.terrains.WaterTerrain'),
(3, 1, 12, 'com.example.poleiskrieg.logics.game.model.objects.terrains.WaterTerrain'),
(3, 1, 13, 'com.example.poleiskrieg.logics.game.model.objects.terrains.WaterTerrain'),
(3, 1, 14, 'com.example.poleiskrieg.logics.game.model.objects.terrains.WaterTerrain'),
(3, 1, 15, 'com.example.poleiskrieg.logics.game.model.objects.terrains.WaterTerrain'),
(3, 1, 16, 'com.example.poleiskrieg.logics.game.model.objects.terrains.WaterTerrain'),
(3, 1, 17, 'com.example.poleiskrieg.logics.game.model.objects.terrains.WaterTerrain'),
(3, 1, 18, 'com.example.poleiskrieg.logics.game.model.objects.terrains.WaterTerrain'),
(3, 1, 19, 'com.example.poleiskrieg.logics.game.model.objects.terrains.WaterTerrain'),
(3, 2, 0, 'com.example.poleiskrieg.logics.game.model.objects.terrains.WaterTerrain'),
(3, 2, 1, 'com.example.poleiskrieg.logics.game.model.objects.terrains.WaterTerrain'),
(3, 2, 2, 'com.example.poleiskrieg.logics.game.model.objects.terrains.BasicTerrain'),
(3, 2, 3, 'com.example.poleiskrieg.logics.game.model.objects.terrains.BasicTerrain'),
(3, 2, 4, 'com.example.poleiskrieg.logics.game.model.objects.terrains.BasicTerrain'),
(3, 2, 5, 'com.example.poleiskrieg.logics.game.model.objects.terrains.BasicTerrain'),
(3, 2, 6, 'com.example.poleiskrieg.logics.game.model.objects.terrains.BasicTerrain'),
(3, 2, 7, 'com.example.poleiskrieg.logics.game.model.objects.terrains.BasicTerrain'),
(3, 2, 8, 'com.example.poleiskrieg.logics.game.model.objects.terrains.BasicTerrain'),
(3, 2, 9, 'com.example.poleiskrieg.logics.game.model.objects.terrains.WaterTerrain'),
(3, 2, 10, 'com.example.poleiskrieg.logics.game.model.objects.terrains.WaterTerrain'),
(3, 2, 11, 'com.example.poleiskrieg.logics.game.model.objects.terrains.WaterTerrain'),
(3, 2, 12, 'com.example.poleiskrieg.logics.game.model.objects.terrains.BasicTerrain'),
(3, 2, 13, 'com.example.poleiskrieg.logics.game.model.objects.terrains.BasicTerrain'),
(3, 2, 14, 'com.example.poleiskrieg.logics.game.model.objects.terrains.BasicTerrain'),
(3, 2, 15, 'com.example.poleiskrieg.logics.game.model.objects.terrains.BasicTerrain'),
(3, 2, 16, 'com.example.poleiskrieg.logics.game.model.objects.terrains.BasicTerrain'),
(3, 2, 17, 'com.example.poleiskrieg.logics.game.model.objects.terrains.BasicTerrain'),
(3, 2, 18, 'com.example.poleiskrieg.logics.game.model.objects.terrains.WaterTerrain'),
(3, 2, 19, 'com.example.poleiskrieg.logics.game.model.objects.terrains.WaterTerrain'),
(3, 3, 0, 'com.example.poleiskrieg.logics.game.model.objects.terrains.WaterTerrain'),
(3, 3, 1, 'com.example.poleiskrieg.logics.game.model.objects.terrains.WaterTerrain'),
(3, 3, 2, 'com.example.poleiskrieg.logics.game.model.objects.terrains.BasicTerrain'),
(3, 3, 3, 'com.example.poleiskrieg.logics.game.model.objects.terrains.MountainTerrain'),
(3, 3, 4, 'com.example.poleiskrieg.logics.game.model.objects.terrains.BasicTerrain'),
(3, 3, 5, 'com.example.poleiskrieg.logics.game.model.objects.terrains.BasicTerrain'),
(3, 3, 6, 'com.example.poleiskrieg.logics.game.model.objects.terrains.BasicTerrain'),
(3, 3, 7, 'com.example.poleiskrieg.logics.game.model.objects.terrains.MountainTerrain'),
(3, 3, 8, 'com.example.poleiskrieg.logics.game.model.objects.terrains.BasicTerrain'),
(3, 3, 9, 'com.example.poleiskrieg.logics.game.model.objects.terrains.WaterTerrain'),
(3, 3, 10, 'com.example.poleiskrieg.logics.game.model.objects.terrains.WaterTerrain'),
(3, 3, 11, 'com.example.poleiskrieg.logics.game.model.objects.terrains.WaterTerrain'),
(3, 3, 12, 'com.example.poleiskrieg.logics.game.model.objects.terrains.BasicTerrain'),
(3, 3, 13, 'com.example.poleiskrieg.logics.game.model.objects.terrains.BasicTerrain'),
(3, 3, 14, 'com.example.poleiskrieg.logics.game.model.objects.terrains.BasicTerrain'),
(3, 3, 15, 'com.example.poleiskrieg.logics.game.model.objects.terrains.BasicTerrain'),
(3, 3, 16, 'com.example.poleiskrieg.logics.game.model.objects.terrains.BasicTerrain'),
(3, 3, 17, 'com.example.poleiskrieg.logics.game.model.objects.terrains.BasicTerrain'),
(3, 3, 18, 'com.example.poleiskrieg.logics.game.model.objects.terrains.WaterTerrain'),
(3, 3, 19, 'com.example.poleiskrieg.logics.game.model.objects.terrains.WaterTerrain'),
(3, 4, 0, 'com.example.poleiskrieg.logics.game.model.objects.terrains.WaterTerrain'),
(3, 4, 1, 'com.example.poleiskrieg.logics.game.model.objects.terrains.WaterTerrain'),
(3, 4, 2, 'com.example.poleiskrieg.logics.game.model.objects.terrains.BasicTerrain'),
(3, 4, 3, 'com.example.poleiskrieg.logics.game.model.objects.terrains.BasicTerrain'),
(3, 4, 4, 'com.example.poleiskrieg.logics.game.model.objects.terrains.MountainTerrain'),
(3, 4, 5, 'com.example.poleiskrieg.logics.game.model.objects.terrains.BasicTerrain'),
(3, 4, 6, 'com.example.poleiskrieg.logics.game.model.objects.terrains.BasicTerrain'),
(3, 4, 7, 'com.example.poleiskrieg.logics.game.model.objects.terrains.BasicTerrain'),
(3, 4, 8, 'com.example.poleiskrieg.logics.game.model.objects.terrains.BasicTerrain'),
(3, 4, 9, 'com.example.poleiskrieg.logics.game.model.objects.terrains.WaterTerrain'),
(3, 4, 10, 'com.example.poleiskrieg.logics.game.model.objects.terrains.WaterTerrain'),
(3, 4, 11, 'com.example.poleiskrieg.logics.game.model.objects.terrains.WaterTerrain'),
(3, 4, 12, 'com.example.poleiskrieg.logics.game.model.objects.terrains.BasicTerrain'),
(3, 4, 13, 'com.example.poleiskrieg.logics.game.model.objects.terrains.MountainTerrain'),
(3, 4, 14, 'com.example.poleiskrieg.logics.game.model.objects.terrains.BasicTerrain'),
(3, 4, 15, 'com.example.poleiskrieg.logics.game.model.objects.terrains.BasicTerrain'),
(3, 4, 16, 'com.example.poleiskrieg.logics.game.model.objects.terrains.BasicTerrain'),
(3, 4, 17, 'com.example.poleiskrieg.logics.game.model.objects.terrains.BasicTerrain'),
(3, 4, 18, 'com.example.poleiskrieg.logics.game.model.objects.terrains.WaterTerrain'),
(3, 4, 19, 'com.example.poleiskrieg.logics.game.model.objects.terrains.WaterTerrain'),
(3, 5, 0, 'com.example.poleiskrieg.logics.game.model.objects.terrains.WaterTerrain'),
(3, 5, 1, 'com.example.poleiskrieg.logics.game.model.objects.terrains.WaterTerrain'),
(3, 5, 2, 'com.example.poleiskrieg.logics.game.model.objects.terrains.BasicTerrain'),
(3, 5, 3, 'com.example.poleiskrieg.logics.game.model.objects.terrains.BasicTerrain'),
(3, 5, 4, 'com.example.poleiskrieg.logics.game.model.objects.terrains.BasicTerrain'),
(3, 5, 5, 'com.example.poleiskrieg.logics.game.model.objects.terrains.BasicTerrain'),
(3, 5, 6, 'com.example.poleiskrieg.logics.game.model.objects.terrains.BasicTerrain'),
(3, 5, 7, 'com.example.poleiskrieg.logics.game.model.objects.terrains.BasicTerrain'),
(3, 5, 8, 'com.example.poleiskrieg.logics.game.model.objects.terrains.BasicTerrain'),
(3, 5, 9, 'com.example.poleiskrieg.logics.game.model.objects.terrains.WaterTerrain'),
(3, 5, 10, 'com.example.poleiskrieg.logics.game.model.objects.terrains.WaterTerrain'),
(3, 5, 11, 'com.example.poleiskrieg.logics.game.model.objects.terrains.WaterTerrain'),
(3, 5, 12, 'com.example.poleiskrieg.logics.game.model.objects.terrains.BasicTerrain'),
(3, 5, 13, 'com.example.poleiskrieg.logics.game.model.objects.terrains.BasicTerrain'),
(3, 5, 14, 'com.example.poleiskrieg.logics.game.model.objects.terrains.BasicTerrain'),
(3, 5, 15, 'com.example.poleiskrieg.logics.game.model.objects.terrains.BasicTerrain'),
(3, 5, 16, 'com.example.poleiskrieg.logics.game.model.objects.terrains.BasicTerrain'),
(3, 5, 17, 'com.example.poleiskrieg.logics.game.model.objects.terrains.BasicTerrain'),
(3, 5, 18, 'com.example.poleiskrieg.logics.game.model.objects.terrains.WaterTerrain'),
(3, 5, 19, 'com.example.poleiskrieg.logics.game.model.objects.terrains.WaterTerrain'),
(3, 6, 0, 'com.example.poleiskrieg.logics.game.model.objects.terrains.WaterTerrain'),
(3, 6, 1, 'com.example.poleiskrieg.logics.game.model.objects.terrains.WaterTerrain'),
(3, 6, 2, 'com.example.poleiskrieg.logics.game.model.objects.terrains.BasicTerrain'),
(3, 6, 3, 'com.example.poleiskrieg.logics.game.model.objects.terrains.BasicTerrain'),
(3, 6, 4, 'com.example.poleiskrieg.logics.game.model.objects.terrains.BasicTerrain'),
(3, 6, 5, 'com.example.poleiskrieg.logics.game.model.objects.terrains.BasicTerrain'),
(3, 6, 6, 'com.example.poleiskrieg.logics.game.model.objects.terrains.BasicTerrain'),
(3, 6, 7, 'com.example.poleiskrieg.logics.game.model.objects.terrains.BasicTerrain'),
(3, 6, 8, 'com.example.poleiskrieg.logics.game.model.objects.terrains.BasicTerrain'),
(3, 6, 9, 'com.example.poleiskrieg.logics.game.model.objects.terrains.WaterTerrain'),
(3, 6, 10, 'com.example.poleiskrieg.logics.game.model.objects.terrains.WaterTerrain'),
(3, 6, 11, 'com.example.poleiskrieg.logics.game.model.objects.terrains.WaterTerrain'),
(3, 6, 12, 'com.example.poleiskrieg.logics.game.model.objects.terrains.BasicTerrain'),
(3, 6, 13, 'com.example.poleiskrieg.logics.game.model.objects.terrains.BasicTerrain'),
(3, 6, 14, 'com.example.poleiskrieg.logics.game.model.objects.terrains.BasicTerrain'),
(3, 6, 15, 'com.example.poleiskrieg.logics.game.model.objects.terrains.BasicTerrain'),
(3, 6, 16, 'com.example.poleiskrieg.logics.game.model.objects.terrains.BasicTerrain'),
(3, 6, 17, 'com.example.poleiskrieg.logics.game.model.objects.terrains.BasicTerrain'),
(3, 6, 18, 'com.example.poleiskrieg.logics.game.model.objects.terrains.WaterTerrain'),
(3, 6, 19, 'com.example.poleiskrieg.logics.game.model.objects.terrains.WaterTerrain'),
(3, 7, 0, 'com.example.poleiskrieg.logics.game.model.objects.terrains.WaterTerrain'),
(3, 7, 1, 'com.example.poleiskrieg.logics.game.model.objects.terrains.WaterTerrain'),
(3, 7, 2, 'com.example.poleiskrieg.logics.game.model.objects.terrains.MountainTerrain'),
(3, 7, 3, 'com.example.poleiskrieg.logics.game.model.objects.terrains.BasicTerrain'),
(3, 7, 4, 'com.example.poleiskrieg.logics.game.model.objects.terrains.BasicTerrain'),
(3, 7, 5, 'com.example.poleiskrieg.logics.game.model.objects.terrains.BasicTerrain'),
(3, 7, 6, 'com.example.poleiskrieg.logics.game.model.objects.terrains.BasicTerrain'),
(3, 7, 7, 'com.example.poleiskrieg.logics.game.model.objects.terrains.BasicTerrain'),
(3, 7, 8, 'com.example.poleiskrieg.logics.game.model.objects.terrains.BasicTerrain'),
(3, 7, 9, 'com.example.poleiskrieg.logics.game.model.objects.terrains.WaterTerrain'),
(3, 7, 10, 'com.example.poleiskrieg.logics.game.model.objects.terrains.WaterTerrain'),
(3, 7, 11, 'com.example.poleiskrieg.logics.game.model.objects.terrains.WaterTerrain'),
(3, 7, 12, 'com.example.poleiskrieg.logics.game.model.objects.terrains.BasicTerrain'),
(3, 7, 13, 'com.example.poleiskrieg.logics.game.model.objects.terrains.BasicTerrain'),
(3, 7, 14, 'com.example.poleiskrieg.logics.game.model.objects.terrains.BasicTerrain'),
(3, 7, 15, 'com.example.poleiskrieg.logics.game.model.objects.terrains.BasicTerrain'),
(3, 7, 16, 'com.example.poleiskrieg.logics.game.model.objects.terrains.BasicTerrain'),
(3, 7, 17, 'com.example.poleiskrieg.logics.game.model.objects.terrains.BasicTerrain'),
(3, 7, 18, 'com.example.poleiskrieg.logics.game.model.objects.terrains.WaterTerrain'),
(3, 7, 19, 'com.example.poleiskrieg.logics.game.model.objects.terrains.WaterTerrain'),
(3, 8, 0, 'com.example.poleiskrieg.logics.game.model.objects.terrains.WaterTerrain'),
(3, 8, 1, 'com.example.poleiskrieg.logics.game.model.objects.terrains.WaterTerrain'),
(3, 8, 2, 'com.example.poleiskrieg.logics.game.model.objects.terrains.BasicTerrain'),
(3, 8, 3, 'com.example.poleiskrieg.logics.game.model.objects.terrains.BasicTerrain'),
(3, 8, 4, 'com.example.poleiskrieg.logics.game.model.objects.terrains.BasicTerrain'),
(3, 8, 5, 'com.example.poleiskrieg.logics.game.model.objects.terrains.MountainTerrain'),
(3, 8, 6, 'com.example.poleiskrieg.logics.game.model.objects.terrains.BasicTerrain'),
(3, 8, 7, 'com.example.poleiskrieg.logics.game.model.objects.terrains.BasicTerrain'),
(3, 8, 8, 'com.example.poleiskrieg.logics.game.model.objects.terrains.BasicTerrain'),
(3, 8, 9, 'com.example.poleiskrieg.logics.game.model.objects.terrains.WaterTerrain'),
(3, 8, 10, 'com.example.poleiskrieg.logics.game.model.objects.terrains.WaterTerrain'),
(3, 8, 11, 'com.example.poleiskrieg.logics.game.model.objects.terrains.WaterTerrain'),
(3, 8, 12, 'com.example.poleiskrieg.logics.game.model.objects.terrains.BasicTerrain'),
(3, 8, 13, 'com.example.poleiskrieg.logics.game.model.objects.terrains.BasicTerrain'),
(3, 8, 14, 'com.example.poleiskrieg.logics.game.model.objects.terrains.BasicTerrain'),
(3, 8, 15, 'com.example.poleiskrieg.logics.game.model.objects.terrains.BasicTerrain'),
(3, 8, 16, 'com.example.poleiskrieg.logics.game.model.objects.terrains.BasicTerrain'),
(3, 8, 17, 'com.example.poleiskrieg.logics.game.model.objects.terrains.BasicTerrain'),
(3, 8, 18, 'com.example.poleiskrieg.logics.game.model.objects.terrains.WaterTerrain'),
(3, 8, 19, 'com.example.poleiskrieg.logics.game.model.objects.terrains.WaterTerrain'),
(3, 9, 0, 'com.example.poleiskrieg.logics.game.model.objects.terrains.WaterTerrain'),
(3, 9, 1, 'com.example.poleiskrieg.logics.game.model.objects.terrains.WaterTerrain'),
(3, 9, 2, 'com.example.poleiskrieg.logics.game.model.objects.terrains.BasicTerrain'),
(3, 9, 3, 'com.example.poleiskrieg.logics.game.model.objects.terrains.BasicTerrain'),
(3, 9, 4, 'com.example.poleiskrieg.logics.game.model.objects.terrains.BasicTerrain'),
(3, 9, 5, 'com.example.poleiskrieg.logics.game.model.objects.terrains.BasicTerrain'),
(3, 9, 6, 'com.example.poleiskrieg.logics.game.model.objects.terrains.BasicTerrain');
INSERT INTO `CaseEntity` (`gameId`, `x`, `y`, `terrain`) VALUES
(3, 9, 7, 'com.example.poleiskrieg.logics.game.model.objects.terrains.BasicTerrain'),
(3, 9, 8, 'com.example.poleiskrieg.logics.game.model.objects.terrains.BasicTerrain'),
(3, 9, 9, 'com.example.poleiskrieg.logics.game.model.objects.terrains.WaterTerrain'),
(3, 9, 10, 'com.example.poleiskrieg.logics.game.model.objects.terrains.WaterTerrain'),
(3, 9, 11, 'com.example.poleiskrieg.logics.game.model.objects.terrains.WaterTerrain'),
(3, 9, 12, 'com.example.poleiskrieg.logics.game.model.objects.terrains.BasicTerrain'),
(3, 9, 13, 'com.example.poleiskrieg.logics.game.model.objects.terrains.BasicTerrain'),
(3, 9, 14, 'com.example.poleiskrieg.logics.game.model.objects.terrains.BasicTerrain'),
(3, 9, 15, 'com.example.poleiskrieg.logics.game.model.objects.terrains.BasicTerrain'),
(3, 9, 16, 'com.example.poleiskrieg.logics.game.model.objects.terrains.MountainTerrain'),
(3, 9, 17, 'com.example.poleiskrieg.logics.game.model.objects.terrains.BasicTerrain'),
(3, 9, 18, 'com.example.poleiskrieg.logics.game.model.objects.terrains.WaterTerrain'),
(3, 9, 19, 'com.example.poleiskrieg.logics.game.model.objects.terrains.WaterTerrain'),
(3, 10, 0, 'com.example.poleiskrieg.logics.game.model.objects.terrains.WaterTerrain'),
(3, 10, 1, 'com.example.poleiskrieg.logics.game.model.objects.terrains.WaterTerrain'),
(3, 10, 2, 'com.example.poleiskrieg.logics.game.model.objects.terrains.BasicTerrain'),
(3, 10, 3, 'com.example.poleiskrieg.logics.game.model.objects.terrains.BasicTerrain'),
(3, 10, 4, 'com.example.poleiskrieg.logics.game.model.objects.terrains.BasicTerrain'),
(3, 10, 5, 'com.example.poleiskrieg.logics.game.model.objects.terrains.BasicTerrain'),
(3, 10, 6, 'com.example.poleiskrieg.logics.game.model.objects.terrains.BasicTerrain'),
(3, 10, 7, 'com.example.poleiskrieg.logics.game.model.objects.terrains.BasicTerrain'),
(3, 10, 8, 'com.example.poleiskrieg.logics.game.model.objects.terrains.BasicTerrain'),
(3, 10, 9, 'com.example.poleiskrieg.logics.game.model.objects.terrains.WaterTerrain'),
(3, 10, 10, 'com.example.poleiskrieg.logics.game.model.objects.terrains.WaterTerrain'),
(3, 10, 11, 'com.example.poleiskrieg.logics.game.model.objects.terrains.WaterTerrain'),
(3, 10, 12, 'com.example.poleiskrieg.logics.game.model.objects.terrains.BasicTerrain'),
(3, 10, 13, 'com.example.poleiskrieg.logics.game.model.objects.terrains.BasicTerrain'),
(3, 10, 14, 'com.example.poleiskrieg.logics.game.model.objects.terrains.BasicTerrain'),
(3, 10, 15, 'com.example.poleiskrieg.logics.game.model.objects.terrains.BasicTerrain'),
(3, 10, 16, 'com.example.poleiskrieg.logics.game.model.objects.terrains.MountainTerrain'),
(3, 10, 17, 'com.example.poleiskrieg.logics.game.model.objects.terrains.BasicTerrain'),
(3, 10, 18, 'com.example.poleiskrieg.logics.game.model.objects.terrains.WaterTerrain'),
(3, 10, 19, 'com.example.poleiskrieg.logics.game.model.objects.terrains.WaterTerrain'),
(3, 11, 0, 'com.example.poleiskrieg.logics.game.model.objects.terrains.WaterTerrain'),
(3, 11, 1, 'com.example.poleiskrieg.logics.game.model.objects.terrains.WaterTerrain'),
(3, 11, 2, 'com.example.poleiskrieg.logics.game.model.objects.terrains.BasicTerrain'),
(3, 11, 3, 'com.example.poleiskrieg.logics.game.model.objects.terrains.BasicTerrain'),
(3, 11, 4, 'com.example.poleiskrieg.logics.game.model.objects.terrains.BasicTerrain'),
(3, 11, 5, 'com.example.poleiskrieg.logics.game.model.objects.terrains.BasicTerrain'),
(3, 11, 6, 'com.example.poleiskrieg.logics.game.model.objects.terrains.BasicTerrain'),
(3, 11, 7, 'com.example.poleiskrieg.logics.game.model.objects.terrains.BasicTerrain'),
(3, 11, 8, 'com.example.poleiskrieg.logics.game.model.objects.terrains.BasicTerrain'),
(3, 11, 9, 'com.example.poleiskrieg.logics.game.model.objects.terrains.WaterTerrain'),
(3, 11, 10, 'com.example.poleiskrieg.logics.game.model.objects.terrains.WaterTerrain'),
(3, 11, 11, 'com.example.poleiskrieg.logics.game.model.objects.terrains.WaterTerrain'),
(3, 11, 12, 'com.example.poleiskrieg.logics.game.model.objects.terrains.BasicTerrain'),
(3, 11, 13, 'com.example.poleiskrieg.logics.game.model.objects.terrains.BasicTerrain'),
(3, 11, 14, 'com.example.poleiskrieg.logics.game.model.objects.terrains.BasicTerrain'),
(3, 11, 15, 'com.example.poleiskrieg.logics.game.model.objects.terrains.BasicTerrain'),
(3, 11, 16, 'com.example.poleiskrieg.logics.game.model.objects.terrains.BasicTerrain'),
(3, 11, 17, 'com.example.poleiskrieg.logics.game.model.objects.terrains.BasicTerrain'),
(3, 11, 18, 'com.example.poleiskrieg.logics.game.model.objects.terrains.WaterTerrain'),
(3, 11, 19, 'com.example.poleiskrieg.logics.game.model.objects.terrains.WaterTerrain'),
(3, 12, 0, 'com.example.poleiskrieg.logics.game.model.objects.terrains.WaterTerrain'),
(3, 12, 1, 'com.example.poleiskrieg.logics.game.model.objects.terrains.WaterTerrain'),
(3, 12, 2, 'com.example.poleiskrieg.logics.game.model.objects.terrains.BasicTerrain'),
(3, 12, 3, 'com.example.poleiskrieg.logics.game.model.objects.terrains.BasicTerrain'),
(3, 12, 4, 'com.example.poleiskrieg.logics.game.model.objects.terrains.BasicTerrain'),
(3, 12, 5, 'com.example.poleiskrieg.logics.game.model.objects.terrains.BasicTerrain'),
(3, 12, 6, 'com.example.poleiskrieg.logics.game.model.objects.terrains.BasicTerrain'),
(3, 12, 7, 'com.example.poleiskrieg.logics.game.model.objects.terrains.BasicTerrain'),
(3, 12, 8, 'com.example.poleiskrieg.logics.game.model.objects.terrains.BasicTerrain'),
(3, 12, 9, 'com.example.poleiskrieg.logics.game.model.objects.terrains.WaterTerrain'),
(3, 12, 10, 'com.example.poleiskrieg.logics.game.model.objects.terrains.WaterTerrain'),
(3, 12, 11, 'com.example.poleiskrieg.logics.game.model.objects.terrains.WaterTerrain'),
(3, 12, 12, 'com.example.poleiskrieg.logics.game.model.objects.terrains.BasicTerrain'),
(3, 12, 13, 'com.example.poleiskrieg.logics.game.model.objects.terrains.BasicTerrain'),
(3, 12, 14, 'com.example.poleiskrieg.logics.game.model.objects.terrains.BasicTerrain'),
(3, 12, 15, 'com.example.poleiskrieg.logics.game.model.objects.terrains.BasicTerrain'),
(3, 12, 16, 'com.example.poleiskrieg.logics.game.model.objects.terrains.BasicTerrain'),
(3, 12, 17, 'com.example.poleiskrieg.logics.game.model.objects.terrains.BasicTerrain'),
(3, 12, 18, 'com.example.poleiskrieg.logics.game.model.objects.terrains.WaterTerrain'),
(3, 12, 19, 'com.example.poleiskrieg.logics.game.model.objects.terrains.WaterTerrain'),
(3, 13, 0, 'com.example.poleiskrieg.logics.game.model.objects.terrains.WaterTerrain'),
(3, 13, 1, 'com.example.poleiskrieg.logics.game.model.objects.terrains.WaterTerrain'),
(3, 13, 2, 'com.example.poleiskrieg.logics.game.model.objects.terrains.BasicTerrain'),
(3, 13, 3, 'com.example.poleiskrieg.logics.game.model.objects.terrains.BasicTerrain'),
(3, 13, 4, 'com.example.poleiskrieg.logics.game.model.objects.terrains.BasicTerrain'),
(3, 13, 5, 'com.example.poleiskrieg.logics.game.model.objects.terrains.BasicTerrain'),
(3, 13, 6, 'com.example.poleiskrieg.logics.game.model.objects.terrains.BasicTerrain'),
(3, 13, 7, 'com.example.poleiskrieg.logics.game.model.objects.terrains.BasicTerrain'),
(3, 13, 8, 'com.example.poleiskrieg.logics.game.model.objects.terrains.BasicTerrain'),
(3, 13, 9, 'com.example.poleiskrieg.logics.game.model.objects.terrains.WaterTerrain'),
(3, 13, 10, 'com.example.poleiskrieg.logics.game.model.objects.terrains.WaterTerrain'),
(3, 13, 11, 'com.example.poleiskrieg.logics.game.model.objects.terrains.WaterTerrain'),
(3, 13, 12, 'com.example.poleiskrieg.logics.game.model.objects.terrains.BasicTerrain'),
(3, 13, 13, 'com.example.poleiskrieg.logics.game.model.objects.terrains.BasicTerrain'),
(3, 13, 14, 'com.example.poleiskrieg.logics.game.model.objects.terrains.BasicTerrain'),
(3, 13, 15, 'com.example.poleiskrieg.logics.game.model.objects.terrains.BasicTerrain'),
(3, 13, 16, 'com.example.poleiskrieg.logics.game.model.objects.terrains.BasicTerrain'),
(3, 13, 17, 'com.example.poleiskrieg.logics.game.model.objects.terrains.BasicTerrain'),
(3, 13, 18, 'com.example.poleiskrieg.logics.game.model.objects.terrains.WaterTerrain'),
(3, 13, 19, 'com.example.poleiskrieg.logics.game.model.objects.terrains.WaterTerrain'),
(3, 14, 0, 'com.example.poleiskrieg.logics.game.model.objects.terrains.WaterTerrain'),
(3, 14, 1, 'com.example.poleiskrieg.logics.game.model.objects.terrains.WaterTerrain'),
(3, 14, 2, 'com.example.poleiskrieg.logics.game.model.objects.terrains.BasicTerrain'),
(3, 14, 3, 'com.example.poleiskrieg.logics.game.model.objects.terrains.BasicTerrain'),
(3, 14, 4, 'com.example.poleiskrieg.logics.game.model.objects.terrains.BasicTerrain'),
(3, 14, 5, 'com.example.poleiskrieg.logics.game.model.objects.terrains.BasicTerrain'),
(3, 14, 6, 'com.example.poleiskrieg.logics.game.model.objects.terrains.BasicTerrain'),
(3, 14, 7, 'com.example.poleiskrieg.logics.game.model.objects.terrains.BasicTerrain'),
(3, 14, 8, 'com.example.poleiskrieg.logics.game.model.objects.terrains.BasicTerrain'),
(3, 14, 9, 'com.example.poleiskrieg.logics.game.model.objects.terrains.WaterTerrain'),
(3, 14, 10, 'com.example.poleiskrieg.logics.game.model.objects.terrains.WaterTerrain'),
(3, 14, 11, 'com.example.poleiskrieg.logics.game.model.objects.terrains.WaterTerrain'),
(3, 14, 12, 'com.example.poleiskrieg.logics.game.model.objects.terrains.BasicTerrain'),
(3, 14, 13, 'com.example.poleiskrieg.logics.game.model.objects.terrains.BasicTerrain'),
(3, 14, 14, 'com.example.poleiskrieg.logics.game.model.objects.terrains.BasicTerrain'),
(3, 14, 15, 'com.example.poleiskrieg.logics.game.model.objects.terrains.BasicTerrain'),
(3, 14, 16, 'com.example.poleiskrieg.logics.game.model.objects.terrains.BasicTerrain'),
(3, 14, 17, 'com.example.poleiskrieg.logics.game.model.objects.terrains.BasicTerrain'),
(3, 14, 18, 'com.example.poleiskrieg.logics.game.model.objects.terrains.WaterTerrain'),
(3, 14, 19, 'com.example.poleiskrieg.logics.game.model.objects.terrains.WaterTerrain'),
(3, 15, 0, 'com.example.poleiskrieg.logics.game.model.objects.terrains.WaterTerrain'),
(3, 15, 1, 'com.example.poleiskrieg.logics.game.model.objects.terrains.WaterTerrain'),
(3, 15, 2, 'com.example.poleiskrieg.logics.game.model.objects.terrains.MountainTerrain'),
(3, 15, 3, 'com.example.poleiskrieg.logics.game.model.objects.terrains.BasicTerrain'),
(3, 15, 4, 'com.example.poleiskrieg.logics.game.model.objects.terrains.BasicTerrain'),
(3, 15, 5, 'com.example.poleiskrieg.logics.game.model.objects.terrains.BasicTerrain'),
(3, 15, 6, 'com.example.poleiskrieg.logics.game.model.objects.terrains.MountainTerrain'),
(3, 15, 7, 'com.example.poleiskrieg.logics.game.model.objects.terrains.BasicTerrain'),
(3, 15, 8, 'com.example.poleiskrieg.logics.game.model.objects.terrains.BasicTerrain'),
(3, 15, 9, 'com.example.poleiskrieg.logics.game.model.objects.terrains.WaterTerrain'),
(3, 15, 10, 'com.example.poleiskrieg.logics.game.model.objects.terrains.WaterTerrain'),
(3, 15, 11, 'com.example.poleiskrieg.logics.game.model.objects.terrains.WaterTerrain'),
(3, 15, 12, 'com.example.poleiskrieg.logics.game.model.objects.terrains.MountainTerrain'),
(3, 15, 13, 'com.example.poleiskrieg.logics.game.model.objects.terrains.BasicTerrain'),
(3, 15, 14, 'com.example.poleiskrieg.logics.game.model.objects.terrains.BasicTerrain'),
(3, 15, 15, 'com.example.poleiskrieg.logics.game.model.objects.terrains.BasicTerrain'),
(3, 15, 16, 'com.example.poleiskrieg.logics.game.model.objects.terrains.BasicTerrain'),
(3, 15, 17, 'com.example.poleiskrieg.logics.game.model.objects.terrains.BasicTerrain'),
(3, 15, 18, 'com.example.poleiskrieg.logics.game.model.objects.terrains.WaterTerrain'),
(3, 15, 19, 'com.example.poleiskrieg.logics.game.model.objects.terrains.WaterTerrain'),
(3, 16, 0, 'com.example.poleiskrieg.logics.game.model.objects.terrains.WaterTerrain'),
(3, 16, 1, 'com.example.poleiskrieg.logics.game.model.objects.terrains.WaterTerrain'),
(3, 16, 2, 'com.example.poleiskrieg.logics.game.model.objects.terrains.BasicTerrain'),
(3, 16, 3, 'com.example.poleiskrieg.logics.game.model.objects.terrains.BasicTerrain'),
(3, 16, 4, 'com.example.poleiskrieg.logics.game.model.objects.terrains.BasicTerrain'),
(3, 16, 5, 'com.example.poleiskrieg.logics.game.model.objects.terrains.BasicTerrain'),
(3, 16, 6, 'com.example.poleiskrieg.logics.game.model.objects.terrains.BasicTerrain'),
(3, 16, 7, 'com.example.poleiskrieg.logics.game.model.objects.terrains.BasicTerrain'),
(3, 16, 8, 'com.example.poleiskrieg.logics.game.model.objects.terrains.BasicTerrain'),
(3, 16, 9, 'com.example.poleiskrieg.logics.game.model.objects.terrains.WaterTerrain'),
(3, 16, 10, 'com.example.poleiskrieg.logics.game.model.objects.terrains.WaterTerrain'),
(3, 16, 11, 'com.example.poleiskrieg.logics.game.model.objects.terrains.WaterTerrain'),
(3, 16, 12, 'com.example.poleiskrieg.logics.game.model.objects.terrains.MountainTerrain'),
(3, 16, 13, 'com.example.poleiskrieg.logics.game.model.objects.terrains.BasicTerrain'),
(3, 16, 14, 'com.example.poleiskrieg.logics.game.model.objects.terrains.MountainTerrain'),
(3, 16, 15, 'com.example.poleiskrieg.logics.game.model.objects.terrains.BasicTerrain'),
(3, 16, 16, 'com.example.poleiskrieg.logics.game.model.objects.terrains.MountainTerrain'),
(3, 16, 17, 'com.example.poleiskrieg.logics.game.model.objects.terrains.BasicTerrain'),
(3, 16, 18, 'com.example.poleiskrieg.logics.game.model.objects.terrains.WaterTerrain'),
(3, 16, 19, 'com.example.poleiskrieg.logics.game.model.objects.terrains.WaterTerrain'),
(3, 17, 0, 'com.example.poleiskrieg.logics.game.model.objects.terrains.WaterTerrain'),
(3, 17, 1, 'com.example.poleiskrieg.logics.game.model.objects.terrains.WaterTerrain'),
(3, 17, 2, 'com.example.poleiskrieg.logics.game.model.objects.terrains.BasicTerrain'),
(3, 17, 3, 'com.example.poleiskrieg.logics.game.model.objects.terrains.BasicTerrain'),
(3, 17, 4, 'com.example.poleiskrieg.logics.game.model.objects.terrains.BasicTerrain'),
(3, 17, 5, 'com.example.poleiskrieg.logics.game.model.objects.terrains.BasicTerrain'),
(3, 17, 6, 'com.example.poleiskrieg.logics.game.model.objects.terrains.BasicTerrain'),
(3, 17, 7, 'com.example.poleiskrieg.logics.game.model.objects.terrains.BasicTerrain'),
(3, 17, 8, 'com.example.poleiskrieg.logics.game.model.objects.terrains.BasicTerrain'),
(3, 17, 9, 'com.example.poleiskrieg.logics.game.model.objects.terrains.WaterTerrain'),
(3, 17, 10, 'com.example.poleiskrieg.logics.game.model.objects.terrains.WaterTerrain'),
(3, 17, 11, 'com.example.poleiskrieg.logics.game.model.objects.terrains.WaterTerrain'),
(3, 17, 12, 'com.example.poleiskrieg.logics.game.model.objects.terrains.BasicTerrain'),
(3, 17, 13, 'com.example.poleiskrieg.logics.game.model.objects.terrains.BasicTerrain'),
(3, 17, 14, 'com.example.poleiskrieg.logics.game.model.objects.terrains.BasicTerrain'),
(3, 17, 15, 'com.example.poleiskrieg.logics.game.model.objects.terrains.BasicTerrain'),
(3, 17, 16, 'com.example.poleiskrieg.logics.game.model.objects.terrains.BasicTerrain'),
(3, 17, 17, 'com.example.poleiskrieg.logics.game.model.objects.terrains.BasicTerrain'),
(3, 17, 18, 'com.example.poleiskrieg.logics.game.model.objects.terrains.WaterTerrain'),
(3, 17, 19, 'com.example.poleiskrieg.logics.game.model.objects.terrains.WaterTerrain'),
(3, 18, 0, 'com.example.poleiskrieg.logics.game.model.objects.terrains.WaterTerrain'),
(3, 18, 1, 'com.example.poleiskrieg.logics.game.model.objects.terrains.WaterTerrain'),
(3, 18, 2, 'com.example.poleiskrieg.logics.game.model.objects.terrains.WaterTerrain'),
(3, 18, 3, 'com.example.poleiskrieg.logics.game.model.objects.terrains.WaterTerrain'),
(3, 18, 4, 'com.example.poleiskrieg.logics.game.model.objects.terrains.WaterTerrain'),
(3, 18, 5, 'com.example.poleiskrieg.logics.game.model.objects.terrains.WaterTerrain'),
(3, 18, 6, 'com.example.poleiskrieg.logics.game.model.objects.terrains.WaterTerrain'),
(3, 18, 7, 'com.example.poleiskrieg.logics.game.model.objects.terrains.WaterTerrain'),
(3, 18, 8, 'com.example.poleiskrieg.logics.game.model.objects.terrains.WaterTerrain'),
(3, 18, 9, 'com.example.poleiskrieg.logics.game.model.objects.terrains.WaterTerrain'),
(3, 18, 10, 'com.example.poleiskrieg.logics.game.model.objects.terrains.WaterTerrain'),
(3, 18, 11, 'com.example.poleiskrieg.logics.game.model.objects.terrains.WaterTerrain'),
(3, 18, 12, 'com.example.poleiskrieg.logics.game.model.objects.terrains.WaterTerrain'),
(3, 18, 13, 'com.example.poleiskrieg.logics.game.model.objects.terrains.WaterTerrain'),
(3, 18, 14, 'com.example.poleiskrieg.logics.game.model.objects.terrains.WaterTerrain'),
(3, 18, 15, 'com.example.poleiskrieg.logics.game.model.objects.terrains.WaterTerrain'),
(3, 18, 16, 'com.example.poleiskrieg.logics.game.model.objects.terrains.WaterTerrain'),
(3, 18, 17, 'com.example.poleiskrieg.logics.game.model.objects.terrains.WaterTerrain'),
(3, 18, 18, 'com.example.poleiskrieg.logics.game.model.objects.terrains.WaterTerrain'),
(3, 18, 19, 'com.example.poleiskrieg.logics.game.model.objects.terrains.WaterTerrain'),
(3, 19, 0, 'com.example.poleiskrieg.logics.game.model.objects.terrains.WaterTerrain'),
(3, 19, 1, 'com.example.poleiskrieg.logics.game.model.objects.terrains.WaterTerrain'),
(3, 19, 2, 'com.example.poleiskrieg.logics.game.model.objects.terrains.WaterTerrain'),
(3, 19, 3, 'com.example.poleiskrieg.logics.game.model.objects.terrains.WaterTerrain'),
(3, 19, 4, 'com.example.poleiskrieg.logics.game.model.objects.terrains.WaterTerrain'),
(3, 19, 5, 'com.example.poleiskrieg.logics.game.model.objects.terrains.WaterTerrain'),
(3, 19, 6, 'com.example.poleiskrieg.logics.game.model.objects.terrains.WaterTerrain'),
(3, 19, 7, 'com.example.poleiskrieg.logics.game.model.objects.terrains.WaterTerrain'),
(3, 19, 8, 'com.example.poleiskrieg.logics.game.model.objects.terrains.WaterTerrain'),
(3, 19, 9, 'com.example.poleiskrieg.logics.game.model.objects.terrains.WaterTerrain'),
(3, 19, 10, 'com.example.poleiskrieg.logics.game.model.objects.terrains.WaterTerrain'),
(3, 19, 11, 'com.example.poleiskrieg.logics.game.model.objects.terrains.WaterTerrain'),
(3, 19, 12, 'com.example.poleiskrieg.logics.game.model.objects.terrains.WaterTerrain'),
(3, 19, 13, 'com.example.poleiskrieg.logics.game.model.objects.terrains.WaterTerrain'),
(3, 19, 14, 'com.example.poleiskrieg.logics.game.model.objects.terrains.WaterTerrain'),
(3, 19, 15, 'com.example.poleiskrieg.logics.game.model.objects.terrains.WaterTerrain'),
(3, 19, 16, 'com.example.poleiskrieg.logics.game.model.objects.terrains.WaterTerrain'),
(3, 19, 17, 'com.example.poleiskrieg.logics.game.model.objects.terrains.WaterTerrain'),
(3, 19, 18, 'com.example.poleiskrieg.logics.game.model.objects.terrains.WaterTerrain'),
(3, 19, 19, 'com.example.poleiskrieg.logics.game.model.objects.terrains.WaterTerrain'),
(11, 0, 0, 'com.example.poleiskrieg.logics.game.model.objects.terrains.WaterTerrain'),
(11, 0, 1, 'com.example.poleiskrieg.logics.game.model.objects.terrains.WaterTerrain'),
(11, 0, 2, 'com.example.poleiskrieg.logics.game.model.objects.terrains.WaterTerrain'),
(11, 0, 3, 'com.example.poleiskrieg.logics.game.model.objects.terrains.WaterTerrain'),
(11, 0, 4, 'com.example.poleiskrieg.logics.game.model.objects.terrains.WaterTerrain'),
(11, 0, 5, 'com.example.poleiskrieg.logics.game.model.objects.terrains.WaterTerrain'),
(11, 0, 6, 'com.example.poleiskrieg.logics.game.model.objects.terrains.WaterTerrain'),
(11, 0, 7, 'com.example.poleiskrieg.logics.game.model.objects.terrains.WaterTerrain'),
(11, 0, 8, 'com.example.poleiskrieg.logics.game.model.objects.terrains.WaterTerrain'),
(11, 0, 9, 'com.example.poleiskrieg.logics.game.model.objects.terrains.WaterTerrain'),
(11, 0, 10, 'com.example.poleiskrieg.logics.game.model.objects.terrains.WaterTerrain'),
(11, 0, 11, 'com.example.poleiskrieg.logics.game.model.objects.terrains.WaterTerrain'),
(11, 0, 12, 'com.example.poleiskrieg.logics.game.model.objects.terrains.WaterTerrain'),
(11, 0, 13, 'com.example.poleiskrieg.logics.game.model.objects.terrains.WaterTerrain'),
(11, 0, 14, 'com.example.poleiskrieg.logics.game.model.objects.terrains.WaterTerrain'),
(11, 0, 15, 'com.example.poleiskrieg.logics.game.model.objects.terrains.WaterTerrain'),
(11, 0, 16, 'com.example.poleiskrieg.logics.game.model.objects.terrains.WaterTerrain'),
(11, 0, 17, 'com.example.poleiskrieg.logics.game.model.objects.terrains.WaterTerrain'),
(11, 0, 18, 'com.example.poleiskrieg.logics.game.model.objects.terrains.WaterTerrain'),
(11, 0, 19, 'com.example.poleiskrieg.logics.game.model.objects.terrains.WaterTerrain'),
(11, 1, 0, 'com.example.poleiskrieg.logics.game.model.objects.terrains.WaterTerrain'),
(11, 1, 1, 'com.example.poleiskrieg.logics.game.model.objects.terrains.WaterTerrain'),
(11, 1, 2, 'com.example.poleiskrieg.logics.game.model.objects.terrains.WaterTerrain'),
(11, 1, 3, 'com.example.poleiskrieg.logics.game.model.objects.terrains.WaterTerrain'),
(11, 1, 4, 'com.example.poleiskrieg.logics.game.model.objects.terrains.WaterTerrain'),
(11, 1, 5, 'com.example.poleiskrieg.logics.game.model.objects.terrains.WaterTerrain'),
(11, 1, 6, 'com.example.poleiskrieg.logics.game.model.objects.terrains.WaterTerrain'),
(11, 1, 7, 'com.example.poleiskrieg.logics.game.model.objects.terrains.WaterTerrain'),
(11, 1, 8, 'com.example.poleiskrieg.logics.game.model.objects.terrains.WaterTerrain'),
(11, 1, 9, 'com.example.poleiskrieg.logics.game.model.objects.terrains.WaterTerrain'),
(11, 1, 10, 'com.example.poleiskrieg.logics.game.model.objects.terrains.WaterTerrain'),
(11, 1, 11, 'com.example.poleiskrieg.logics.game.model.objects.terrains.WaterTerrain'),
(11, 1, 12, 'com.example.poleiskrieg.logics.game.model.objects.terrains.WaterTerrain'),
(11, 1, 13, 'com.example.poleiskrieg.logics.game.model.objects.terrains.WaterTerrain'),
(11, 1, 14, 'com.example.poleiskrieg.logics.game.model.objects.terrains.WaterTerrain'),
(11, 1, 15, 'com.example.poleiskrieg.logics.game.model.objects.terrains.WaterTerrain'),
(11, 1, 16, 'com.example.poleiskrieg.logics.game.model.objects.terrains.WaterTerrain'),
(11, 1, 17, 'com.example.poleiskrieg.logics.game.model.objects.terrains.WaterTerrain'),
(11, 1, 18, 'com.example.poleiskrieg.logics.game.model.objects.terrains.WaterTerrain'),
(11, 1, 19, 'com.example.poleiskrieg.logics.game.model.objects.terrains.WaterTerrain'),
(11, 2, 0, 'com.example.poleiskrieg.logics.game.model.objects.terrains.WaterTerrain'),
(11, 2, 1, 'com.example.poleiskrieg.logics.game.model.objects.terrains.WaterTerrain'),
(11, 2, 2, 'com.example.poleiskrieg.logics.game.model.objects.terrains.BasicTerrain'),
(11, 2, 3, 'com.example.poleiskrieg.logics.game.model.objects.terrains.BasicTerrain'),
(11, 2, 4, 'com.example.poleiskrieg.logics.game.model.objects.terrains.BasicTerrain'),
(11, 2, 5, 'com.example.poleiskrieg.logics.game.model.objects.terrains.BasicTerrain'),
(11, 2, 6, 'com.example.poleiskrieg.logics.game.model.objects.terrains.BasicTerrain'),
(11, 2, 7, 'com.example.poleiskrieg.logics.game.model.objects.terrains.BasicTerrain'),
(11, 2, 8, 'com.example.poleiskrieg.logics.game.model.objects.terrains.BasicTerrain'),
(11, 2, 9, 'com.example.poleiskrieg.logics.game.model.objects.terrains.WaterTerrain'),
(11, 2, 10, 'com.example.poleiskrieg.logics.game.model.objects.terrains.WaterTerrain'),
(11, 2, 11, 'com.example.poleiskrieg.logics.game.model.objects.terrains.WaterTerrain'),
(11, 2, 12, 'com.example.poleiskrieg.logics.game.model.objects.terrains.BasicTerrain'),
(11, 2, 13, 'com.example.poleiskrieg.logics.game.model.objects.terrains.MountainTerrain'),
(11, 2, 14, 'com.example.poleiskrieg.logics.game.model.objects.terrains.BasicTerrain'),
(11, 2, 15, 'com.example.poleiskrieg.logics.game.model.objects.terrains.BasicTerrain'),
(11, 2, 16, 'com.example.poleiskrieg.logics.game.model.objects.terrains.BasicTerrain'),
(11, 2, 17, 'com.example.poleiskrieg.logics.game.model.objects.terrains.BasicTerrain'),
(11, 2, 18, 'com.example.poleiskrieg.logics.game.model.objects.terrains.WaterTerrain'),
(11, 2, 19, 'com.example.poleiskrieg.logics.game.model.objects.terrains.WaterTerrain'),
(11, 3, 0, 'com.example.poleiskrieg.logics.game.model.objects.terrains.WaterTerrain'),
(11, 3, 1, 'com.example.poleiskrieg.logics.game.model.objects.terrains.WaterTerrain'),
(11, 3, 2, 'com.example.poleiskrieg.logics.game.model.objects.terrains.BasicTerrain'),
(11, 3, 3, 'com.example.poleiskrieg.logics.game.model.objects.terrains.BasicTerrain'),
(11, 3, 4, 'com.example.poleiskrieg.logics.game.model.objects.terrains.MountainTerrain'),
(11, 3, 5, 'com.example.poleiskrieg.logics.game.model.objects.terrains.BasicTerrain'),
(11, 3, 6, 'com.example.poleiskrieg.logics.game.model.objects.terrains.BasicTerrain'),
(11, 3, 7, 'com.example.poleiskrieg.logics.game.model.objects.terrains.BasicTerrain'),
(11, 3, 8, 'com.example.poleiskrieg.logics.game.model.objects.terrains.BasicTerrain'),
(11, 3, 9, 'com.example.poleiskrieg.logics.game.model.objects.terrains.WaterTerrain'),
(11, 3, 10, 'com.example.poleiskrieg.logics.game.model.objects.terrains.WaterTerrain'),
(11, 3, 11, 'com.example.poleiskrieg.logics.game.model.objects.terrains.WaterTerrain'),
(11, 3, 12, 'com.example.poleiskrieg.logics.game.model.objects.terrains.BasicTerrain'),
(11, 3, 13, 'com.example.poleiskrieg.logics.game.model.objects.terrains.BasicTerrain'),
(11, 3, 14, 'com.example.poleiskrieg.logics.game.model.objects.terrains.BasicTerrain'),
(11, 3, 15, 'com.example.poleiskrieg.logics.game.model.objects.terrains.BasicTerrain'),
(11, 3, 16, 'com.example.poleiskrieg.logics.game.model.objects.terrains.BasicTerrain'),
(11, 3, 17, 'com.example.poleiskrieg.logics.game.model.objects.terrains.BasicTerrain'),
(11, 3, 18, 'com.example.poleiskrieg.logics.game.model.objects.terrains.WaterTerrain'),
(11, 3, 19, 'com.example.poleiskrieg.logics.game.model.objects.terrains.WaterTerrain'),
(11, 4, 0, 'com.example.poleiskrieg.logics.game.model.objects.terrains.WaterTerrain'),
(11, 4, 1, 'com.example.poleiskrieg.logics.game.model.objects.terrains.WaterTerrain'),
(11, 4, 2, 'com.example.poleiskrieg.logics.game.model.objects.terrains.BasicTerrain'),
(11, 4, 3, 'com.example.poleiskrieg.logics.game.model.objects.terrains.BasicTerrain'),
(11, 4, 4, 'com.example.poleiskrieg.logics.game.model.objects.terrains.BasicTerrain'),
(11, 4, 5, 'com.example.poleiskrieg.logics.game.model.objects.terrains.BasicTerrain'),
(11, 4, 6, 'com.example.poleiskrieg.logics.game.model.objects.terrains.BasicTerrain'),
(11, 4, 7, 'com.example.poleiskrieg.logics.game.model.objects.terrains.BasicTerrain'),
(11, 4, 8, 'com.example.poleiskrieg.logics.game.model.objects.terrains.BasicTerrain'),
(11, 4, 9, 'com.example.poleiskrieg.logics.game.model.objects.terrains.WaterTerrain'),
(11, 4, 10, 'com.example.poleiskrieg.logics.game.model.objects.terrains.WaterTerrain'),
(11, 4, 11, 'com.example.poleiskrieg.logics.game.model.objects.terrains.WaterTerrain'),
(11, 4, 12, 'com.example.poleiskrieg.logics.game.model.objects.terrains.BasicTerrain'),
(11, 4, 13, 'com.example.poleiskrieg.logics.game.model.objects.terrains.BasicTerrain'),
(11, 4, 14, 'com.example.poleiskrieg.logics.game.model.objects.terrains.BasicTerrain'),
(11, 4, 15, 'com.example.poleiskrieg.logics.game.model.objects.terrains.BasicTerrain'),
(11, 4, 16, 'com.example.poleiskrieg.logics.game.model.objects.terrains.BasicTerrain'),
(11, 4, 17, 'com.example.poleiskrieg.logics.game.model.objects.terrains.BasicTerrain'),
(11, 4, 18, 'com.example.poleiskrieg.logics.game.model.objects.terrains.WaterTerrain'),
(11, 4, 19, 'com.example.poleiskrieg.logics.game.model.objects.terrains.WaterTerrain'),
(11, 5, 0, 'com.example.poleiskrieg.logics.game.model.objects.terrains.WaterTerrain'),
(11, 5, 1, 'com.example.poleiskrieg.logics.game.model.objects.terrains.WaterTerrain'),
(11, 5, 2, 'com.example.poleiskrieg.logics.game.model.objects.terrains.BasicTerrain'),
(11, 5, 3, 'com.example.poleiskrieg.logics.game.model.objects.terrains.BasicTerrain'),
(11, 5, 4, 'com.example.poleiskrieg.logics.game.model.objects.terrains.BasicTerrain'),
(11, 5, 5, 'com.example.poleiskrieg.logics.game.model.objects.terrains.BasicTerrain'),
(11, 5, 6, 'com.example.poleiskrieg.logics.game.model.objects.terrains.BasicTerrain'),
(11, 5, 7, 'com.example.poleiskrieg.logics.game.model.objects.terrains.MountainTerrain'),
(11, 5, 8, 'com.example.poleiskrieg.logics.game.model.objects.terrains.BasicTerrain'),
(11, 5, 9, 'com.example.poleiskrieg.logics.game.model.objects.terrains.WaterTerrain'),
(11, 5, 10, 'com.example.poleiskrieg.logics.game.model.objects.terrains.WaterTerrain'),
(11, 5, 11, 'com.example.poleiskrieg.logics.game.model.objects.terrains.WaterTerrain'),
(11, 5, 12, 'com.example.poleiskrieg.logics.game.model.objects.terrains.BasicTerrain'),
(11, 5, 13, 'com.example.poleiskrieg.logics.game.model.objects.terrains.BasicTerrain'),
(11, 5, 14, 'com.example.poleiskrieg.logics.game.model.objects.terrains.BasicTerrain'),
(11, 5, 15, 'com.example.poleiskrieg.logics.game.model.objects.terrains.BasicTerrain'),
(11, 5, 16, 'com.example.poleiskrieg.logics.game.model.objects.terrains.MountainTerrain'),
(11, 5, 17, 'com.example.poleiskrieg.logics.game.model.objects.terrains.BasicTerrain'),
(11, 5, 18, 'com.example.poleiskrieg.logics.game.model.objects.terrains.WaterTerrain'),
(11, 5, 19, 'com.example.poleiskrieg.logics.game.model.objects.terrains.WaterTerrain'),
(11, 6, 0, 'com.example.poleiskrieg.logics.game.model.objects.terrains.WaterTerrain'),
(11, 6, 1, 'com.example.poleiskrieg.logics.game.model.objects.terrains.WaterTerrain'),
(11, 6, 2, 'com.example.poleiskrieg.logics.game.model.objects.terrains.BasicTerrain'),
(11, 6, 3, 'com.example.poleiskrieg.logics.game.model.objects.terrains.MountainTerrain'),
(11, 6, 4, 'com.example.poleiskrieg.logics.game.model.objects.terrains.BasicTerrain'),
(11, 6, 5, 'com.example.poleiskrieg.logics.game.model.objects.terrains.BasicTerrain'),
(11, 6, 6, 'com.example.poleiskrieg.logics.game.model.objects.terrains.BasicTerrain'),
(11, 6, 7, 'com.example.poleiskrieg.logics.game.model.objects.terrains.BasicTerrain'),
(11, 6, 8, 'com.example.poleiskrieg.logics.game.model.objects.terrains.BasicTerrain'),
(11, 6, 9, 'com.example.poleiskrieg.logics.game.model.objects.terrains.WaterTerrain'),
(11, 6, 10, 'com.example.poleiskrieg.logics.game.model.objects.terrains.WaterTerrain'),
(11, 6, 11, 'com.example.poleiskrieg.logics.game.model.objects.terrains.WaterTerrain'),
(11, 6, 12, 'com.example.poleiskrieg.logics.game.model.objects.terrains.MountainTerrain'),
(11, 6, 13, 'com.example.poleiskrieg.logics.game.model.objects.terrains.BasicTerrain'),
(11, 6, 14, 'com.example.poleiskrieg.logics.game.model.objects.terrains.MountainTerrain'),
(11, 6, 15, 'com.example.poleiskrieg.logics.game.model.objects.terrains.BasicTerrain'),
(11, 6, 16, 'com.example.poleiskrieg.logics.game.model.objects.terrains.BasicTerrain'),
(11, 6, 17, 'com.example.poleiskrieg.logics.game.model.objects.terrains.BasicTerrain'),
(11, 6, 18, 'com.example.poleiskrieg.logics.game.model.objects.terrains.WaterTerrain'),
(11, 6, 19, 'com.example.poleiskrieg.logics.game.model.objects.terrains.WaterTerrain'),
(11, 7, 0, 'com.example.poleiskrieg.logics.game.model.objects.terrains.WaterTerrain'),
(11, 7, 1, 'com.example.poleiskrieg.logics.game.model.objects.terrains.WaterTerrain'),
(11, 7, 2, 'com.example.poleiskrieg.logics.game.model.objects.terrains.BasicTerrain'),
(11, 7, 3, 'com.example.poleiskrieg.logics.game.model.objects.terrains.BasicTerrain'),
(11, 7, 4, 'com.example.poleiskrieg.logics.game.model.objects.terrains.BasicTerrain'),
(11, 7, 5, 'com.example.poleiskrieg.logics.game.model.objects.terrains.BasicTerrain'),
(11, 7, 6, 'com.example.poleiskrieg.logics.game.model.objects.terrains.BasicTerrain'),
(11, 7, 7, 'com.example.poleiskrieg.logics.game.model.objects.terrains.BasicTerrain'),
(11, 7, 8, 'com.example.poleiskrieg.logics.game.model.objects.terrains.BasicTerrain'),
(11, 7, 9, 'com.example.poleiskrieg.logics.game.model.objects.terrains.WaterTerrain'),
(11, 7, 10, 'com.example.poleiskrieg.logics.game.model.objects.terrains.WaterTerrain'),
(11, 7, 11, 'com.example.poleiskrieg.logics.game.model.objects.terrains.WaterTerrain'),
(11, 7, 12, 'com.example.poleiskrieg.logics.game.model.objects.terrains.BasicTerrain'),
(11, 7, 13, 'com.example.poleiskrieg.logics.game.model.objects.terrains.BasicTerrain'),
(11, 7, 14, 'com.example.poleiskrieg.logics.game.model.objects.terrains.BasicTerrain'),
(11, 7, 15, 'com.example.poleiskrieg.logics.game.model.objects.terrains.BasicTerrain'),
(11, 7, 16, 'com.example.poleiskrieg.logics.game.model.objects.terrains.BasicTerrain'),
(11, 7, 17, 'com.example.poleiskrieg.logics.game.model.objects.terrains.BasicTerrain'),
(11, 7, 18, 'com.example.poleiskrieg.logics.game.model.objects.terrains.WaterTerrain'),
(11, 7, 19, 'com.example.poleiskrieg.logics.game.model.objects.terrains.WaterTerrain'),
(11, 8, 0, 'com.example.poleiskrieg.logics.game.model.objects.terrains.WaterTerrain'),
(11, 8, 1, 'com.example.poleiskrieg.logics.game.model.objects.terrains.WaterTerrain'),
(11, 8, 2, 'com.example.poleiskrieg.logics.game.model.objects.terrains.BasicTerrain'),
(11, 8, 3, 'com.example.poleiskrieg.logics.game.model.objects.terrains.BasicTerrain'),
(11, 8, 4, 'com.example.poleiskrieg.logics.game.model.objects.terrains.BasicTerrain'),
(11, 8, 5, 'com.example.poleiskrieg.logics.game.model.objects.terrains.BasicTerrain'),
(11, 8, 6, 'com.example.poleiskrieg.logics.game.model.objects.terrains.BasicTerrain'),
(11, 8, 7, 'com.example.poleiskrieg.logics.game.model.objects.terrains.BasicTerrain'),
(11, 8, 8, 'com.example.poleiskrieg.logics.game.model.objects.terrains.BasicTerrain'),
(11, 8, 9, 'com.example.poleiskrieg.logics.game.model.objects.terrains.WaterTerrain'),
(11, 8, 10, 'com.example.poleiskrieg.logics.game.model.objects.terrains.WaterTerrain'),
(11, 8, 11, 'com.example.poleiskrieg.logics.game.model.objects.terrains.WaterTerrain'),
(11, 8, 12, 'com.example.poleiskrieg.logics.game.model.objects.terrains.BasicTerrain'),
(11, 8, 13, 'com.example.poleiskrieg.logics.game.model.objects.terrains.BasicTerrain'),
(11, 8, 14, 'com.example.poleiskrieg.logics.game.model.objects.terrains.BasicTerrain'),
(11, 8, 15, 'com.example.poleiskrieg.logics.game.model.objects.terrains.BasicTerrain'),
(11, 8, 16, 'com.example.poleiskrieg.logics.game.model.objects.terrains.BasicTerrain'),
(11, 8, 17, 'com.example.poleiskrieg.logics.game.model.objects.terrains.BasicTerrain'),
(11, 8, 18, 'com.example.poleiskrieg.logics.game.model.objects.terrains.WaterTerrain'),
(11, 8, 19, 'com.example.poleiskrieg.logics.game.model.objects.terrains.WaterTerrain'),
(11, 9, 0, 'com.example.poleiskrieg.logics.game.model.objects.terrains.WaterTerrain'),
(11, 9, 1, 'com.example.poleiskrieg.logics.game.model.objects.terrains.WaterTerrain'),
(11, 9, 2, 'com.example.poleiskrieg.logics.game.model.objects.terrains.BasicTerrain'),
(11, 9, 3, 'com.example.poleiskrieg.logics.game.model.objects.terrains.BasicTerrain'),
(11, 9, 4, 'com.example.poleiskrieg.logics.game.model.objects.terrains.MountainTerrain'),
(11, 9, 5, 'com.example.poleiskrieg.logics.game.model.objects.terrains.BasicTerrain'),
(11, 9, 6, 'com.example.poleiskrieg.logics.game.model.objects.terrains.BasicTerrain'),
(11, 9, 7, 'com.example.poleiskrieg.logics.game.model.objects.terrains.BasicTerrain'),
(11, 9, 8, 'com.example.poleiskrieg.logics.game.model.objects.terrains.BasicTerrain'),
(11, 9, 9, 'com.example.poleiskrieg.logics.game.model.objects.terrains.WaterTerrain'),
(11, 9, 10, 'com.example.poleiskrieg.logics.game.model.objects.terrains.WaterTerrain'),
(11, 9, 11, 'com.example.poleiskrieg.logics.game.model.objects.terrains.WaterTerrain'),
(11, 9, 12, 'com.example.poleiskrieg.logics.game.model.objects.terrains.BasicTerrain'),
(11, 9, 13, 'com.example.poleiskrieg.logics.game.model.objects.terrains.BasicTerrain'),
(11, 9, 14, 'com.example.poleiskrieg.logics.game.model.objects.terrains.BasicTerrain'),
(11, 9, 15, 'com.example.poleiskrieg.logics.game.model.objects.terrains.BasicTerrain'),
(11, 9, 16, 'com.example.poleiskrieg.logics.game.model.objects.terrains.BasicTerrain'),
(11, 9, 17, 'com.example.poleiskrieg.logics.game.model.objects.terrains.BasicTerrain'),
(11, 9, 18, 'com.example.poleiskrieg.logics.game.model.objects.terrains.WaterTerrain'),
(11, 9, 19, 'com.example.poleiskrieg.logics.game.model.objects.terrains.WaterTerrain'),
(11, 10, 0, 'com.example.poleiskrieg.logics.game.model.objects.terrains.WaterTerrain'),
(11, 10, 1, 'com.example.poleiskrieg.logics.game.model.objects.terrains.WaterTerrain'),
(11, 10, 2, 'com.example.poleiskrieg.logics.game.model.objects.terrains.BasicTerrain'),
(11, 10, 3, 'com.example.poleiskrieg.logics.game.model.objects.terrains.BasicTerrain'),
(11, 10, 4, 'com.example.poleiskrieg.logics.game.model.objects.terrains.BasicTerrain'),
(11, 10, 5, 'com.example.poleiskrieg.logics.game.model.objects.terrains.BasicTerrain'),
(11, 10, 6, 'com.example.poleiskrieg.logics.game.model.objects.terrains.BasicTerrain'),
(11, 10, 7, 'com.example.poleiskrieg.logics.game.model.objects.terrains.BasicTerrain'),
(11, 10, 8, 'com.example.poleiskrieg.logics.game.model.objects.terrains.BasicTerrain'),
(11, 10, 9, 'com.example.poleiskrieg.logics.game.model.objects.terrains.WaterTerrain'),
(11, 10, 10, 'com.example.poleiskrieg.logics.game.model.objects.terrains.WaterTerrain'),
(11, 10, 11, 'com.example.poleiskrieg.logics.game.model.objects.terrains.WaterTerrain'),
(11, 10, 12, 'com.example.poleiskrieg.logics.game.model.objects.terrains.MountainTerrain'),
(11, 10, 13, 'com.example.poleiskrieg.logics.game.model.objects.terrains.BasicTerrain'),
(11, 10, 14, 'com.example.poleiskrieg.logics.game.model.objects.terrains.BasicTerrain'),
(11, 10, 15, 'com.example.poleiskrieg.logics.game.model.objects.terrains.BasicTerrain'),
(11, 10, 16, 'com.example.poleiskrieg.logics.game.model.objects.terrains.MountainTerrain'),
(11, 10, 17, 'com.example.poleiskrieg.logics.game.model.objects.terrains.BasicTerrain'),
(11, 10, 18, 'com.example.poleiskrieg.logics.game.model.objects.terrains.WaterTerrain'),
(11, 10, 19, 'com.example.poleiskrieg.logics.game.model.objects.terrains.WaterTerrain'),
(11, 11, 0, 'com.example.poleiskrieg.logics.game.model.objects.terrains.WaterTerrain'),
(11, 11, 1, 'com.example.poleiskrieg.logics.game.model.objects.terrains.WaterTerrain'),
(11, 11, 2, 'com.example.poleiskrieg.logics.game.model.objects.terrains.MountainTerrain'),
(11, 11, 3, 'com.example.poleiskrieg.logics.game.model.objects.terrains.BasicTerrain'),
(11, 11, 4, 'com.example.poleiskrieg.logics.game.model.objects.terrains.BasicTerrain'),
(11, 11, 5, 'com.example.poleiskrieg.logics.game.model.objects.terrains.BasicTerrain'),
(11, 11, 6, 'com.example.poleiskrieg.logics.game.model.objects.terrains.BasicTerrain'),
(11, 11, 7, 'com.example.poleiskrieg.logics.game.model.objects.terrains.BasicTerrain'),
(11, 11, 8, 'com.example.poleiskrieg.logics.game.model.objects.terrains.BasicTerrain'),
(11, 11, 9, 'com.example.poleiskrieg.logics.game.model.objects.terrains.WaterTerrain'),
(11, 11, 10, 'com.example.poleiskrieg.logics.game.model.objects.terrains.WaterTerrain'),
(11, 11, 11, 'com.example.poleiskrieg.logics.game.model.objects.terrains.WaterTerrain'),
(11, 11, 12, 'com.example.poleiskrieg.logics.game.model.objects.terrains.BasicTerrain'),
(11, 11, 13, 'com.example.poleiskrieg.logics.game.model.objects.terrains.BasicTerrain'),
(11, 11, 14, 'com.example.poleiskrieg.logics.game.model.objects.terrains.BasicTerrain'),
(11, 11, 15, 'com.example.poleiskrieg.logics.game.model.objects.terrains.MountainTerrain'),
(11, 11, 16, 'com.example.poleiskrieg.logics.game.model.objects.terrains.BasicTerrain'),
(11, 11, 17, 'com.example.poleiskrieg.logics.game.model.objects.terrains.BasicTerrain'),
(11, 11, 18, 'com.example.poleiskrieg.logics.game.model.objects.terrains.WaterTerrain'),
(11, 11, 19, 'com.example.poleiskrieg.logics.game.model.objects.terrains.WaterTerrain'),
(11, 12, 0, 'com.example.poleiskrieg.logics.game.model.objects.terrains.WaterTerrain'),
(11, 12, 1, 'com.example.poleiskrieg.logics.game.model.objects.terrains.WaterTerrain'),
(11, 12, 2, 'com.example.poleiskrieg.logics.game.model.objects.terrains.BasicTerrain'),
(11, 12, 3, 'com.example.poleiskrieg.logics.game.model.objects.terrains.BasicTerrain'),
(11, 12, 4, 'com.example.poleiskrieg.logics.game.model.objects.terrains.BasicTerrain'),
(11, 12, 5, 'com.example.poleiskrieg.logics.game.model.objects.terrains.BasicTerrain'),
(11, 12, 6, 'com.example.poleiskrieg.logics.game.model.objects.terrains.BasicTerrain'),
(11, 12, 7, 'com.example.poleiskrieg.logics.game.model.objects.terrains.BasicTerrain'),
(11, 12, 8, 'com.example.poleiskrieg.logics.game.model.objects.terrains.BasicTerrain'),
(11, 12, 9, 'com.example.poleiskrieg.logics.game.model.objects.terrains.WaterTerrain'),
(11, 12, 10, 'com.example.poleiskrieg.logics.game.model.objects.terrains.WaterTerrain'),
(11, 12, 11, 'com.example.poleiskrieg.logics.game.model.objects.terrains.WaterTerrain'),
(11, 12, 12, 'com.example.poleiskrieg.logics.game.model.objects.terrains.BasicTerrain'),
(11, 12, 13, 'com.example.poleiskrieg.logics.game.model.objects.terrains.BasicTerrain'),
(11, 12, 14, 'com.example.poleiskrieg.logics.game.model.objects.terrains.BasicTerrain'),
(11, 12, 15, 'com.example.poleiskrieg.logics.game.model.objects.terrains.BasicTerrain'),
(11, 12, 16, 'com.example.poleiskrieg.logics.game.model.objects.terrains.BasicTerrain'),
(11, 12, 17, 'com.example.poleiskrieg.logics.game.model.objects.terrains.BasicTerrain'),
(11, 12, 18, 'com.example.poleiskrieg.logics.game.model.objects.terrains.WaterTerrain'),
(11, 12, 19, 'com.example.poleiskrieg.logics.game.model.objects.terrains.WaterTerrain'),
(11, 13, 0, 'com.example.poleiskrieg.logics.game.model.objects.terrains.WaterTerrain'),
(11, 13, 1, 'com.example.poleiskrieg.logics.game.model.objects.terrains.WaterTerrain'),
(11, 13, 2, 'com.example.poleiskrieg.logics.game.model.objects.terrains.BasicTerrain'),
(11, 13, 3, 'com.example.poleiskrieg.logics.game.model.objects.terrains.BasicTerrain'),
(11, 13, 4, 'com.example.poleiskrieg.logics.game.model.objects.terrains.BasicTerrain'),
(11, 13, 5, 'com.example.poleiskrieg.logics.game.model.objects.terrains.BasicTerrain'),
(11, 13, 6, 'com.example.poleiskrieg.logics.game.model.objects.terrains.BasicTerrain'),
(11, 13, 7, 'com.example.poleiskrieg.logics.game.model.objects.terrains.BasicTerrain'),
(11, 13, 8, 'com.example.poleiskrieg.logics.game.model.objects.terrains.BasicTerrain'),
(11, 13, 9, 'com.example.poleiskrieg.logics.game.model.objects.terrains.WaterTerrain'),
(11, 13, 10, 'com.example.poleiskrieg.logics.game.model.objects.terrains.WaterTerrain'),
(11, 13, 11, 'com.example.poleiskrieg.logics.game.model.objects.terrains.WaterTerrain'),
(11, 13, 12, 'com.example.poleiskrieg.logics.game.model.objects.terrains.BasicTerrain'),
(11, 13, 13, 'com.example.poleiskrieg.logics.game.model.objects.terrains.BasicTerrain'),
(11, 13, 14, 'com.example.poleiskrieg.logics.game.model.objects.terrains.BasicTerrain'),
(11, 13, 15, 'com.example.poleiskrieg.logics.game.model.objects.terrains.BasicTerrain'),
(11, 13, 16, 'com.example.poleiskrieg.logics.game.model.objects.terrains.BasicTerrain'),
(11, 13, 17, 'com.example.poleiskrieg.logics.game.model.objects.terrains.BasicTerrain'),
(11, 13, 18, 'com.example.poleiskrieg.logics.game.model.objects.terrains.WaterTerrain'),
(11, 13, 19, 'com.example.poleiskrieg.logics.game.model.objects.terrains.WaterTerrain'),
(11, 14, 0, 'com.example.poleiskrieg.logics.game.model.objects.terrains.WaterTerrain'),
(11, 14, 1, 'com.example.poleiskrieg.logics.game.model.objects.terrains.WaterTerrain'),
(11, 14, 2, 'com.example.poleiskrieg.logics.game.model.objects.terrains.BasicTerrain'),
(11, 14, 3, 'com.example.poleiskrieg.logics.game.model.objects.terrains.BasicTerrain'),
(11, 14, 4, 'com.example.poleiskrieg.logics.game.model.objects.terrains.BasicTerrain'),
(11, 14, 5, 'com.example.poleiskrieg.logics.game.model.objects.terrains.BasicTerrain'),
(11, 14, 6, 'com.example.poleiskrieg.logics.game.model.objects.terrains.BasicTerrain'),
(11, 14, 7, 'com.example.poleiskrieg.logics.game.model.objects.terrains.BasicTerrain'),
(11, 14, 8, 'com.example.poleiskrieg.logics.game.model.objects.terrains.BasicTerrain'),
(11, 14, 9, 'com.example.poleiskrieg.logics.game.model.objects.terrains.WaterTerrain'),
(11, 14, 10, 'com.example.poleiskrieg.logics.game.model.objects.terrains.WaterTerrain'),
(11, 14, 11, 'com.example.poleiskrieg.logics.game.model.objects.terrains.WaterTerrain'),
(11, 14, 12, 'com.example.poleiskrieg.logics.game.model.objects.terrains.BasicTerrain'),
(11, 14, 13, 'com.example.poleiskrieg.logics.game.model.objects.terrains.BasicTerrain'),
(11, 14, 14, 'com.example.poleiskrieg.logics.game.model.objects.terrains.BasicTerrain'),
(11, 14, 15, 'com.example.poleiskrieg.logics.game.model.objects.terrains.BasicTerrain'),
(11, 14, 16, 'com.example.poleiskrieg.logics.game.model.objects.terrains.BasicTerrain'),
(11, 14, 17, 'com.example.poleiskrieg.logics.game.model.objects.terrains.BasicTerrain'),
(11, 14, 18, 'com.example.poleiskrieg.logics.game.model.objects.terrains.WaterTerrain'),
(11, 14, 19, 'com.example.poleiskrieg.logics.game.model.objects.terrains.WaterTerrain'),
(11, 15, 0, 'com.example.poleiskrieg.logics.game.model.objects.terrains.WaterTerrain'),
(11, 15, 1, 'com.example.poleiskrieg.logics.game.model.objects.terrains.WaterTerrain'),
(11, 15, 2, 'com.example.poleiskrieg.logics.game.model.objects.terrains.BasicTerrain'),
(11, 15, 3, 'com.example.poleiskrieg.logics.game.model.objects.terrains.BasicTerrain'),
(11, 15, 4, 'com.example.poleiskrieg.logics.game.model.objects.terrains.BasicTerrain'),
(11, 15, 5, 'com.example.poleiskrieg.logics.game.model.objects.terrains.BasicTerrain'),
(11, 15, 6, 'com.example.poleiskrieg.logics.game.model.objects.terrains.MountainTerrain'),
(11, 15, 7, 'com.example.poleiskrieg.logics.game.model.objects.terrains.BasicTerrain'),
(11, 15, 8, 'com.example.poleiskrieg.logics.game.model.objects.terrains.BasicTerrain'),
(11, 15, 9, 'com.example.poleiskrieg.logics.game.model.objects.terrains.WaterTerrain'),
(11, 15, 10, 'com.example.poleiskrieg.logics.game.model.objects.terrains.WaterTerrain'),
(11, 15, 11, 'com.example.poleiskrieg.logics.game.model.objects.terrains.WaterTerrain'),
(11, 15, 12, 'com.example.poleiskrieg.logics.game.model.objects.terrains.BasicTerrain'),
(11, 15, 13, 'com.example.poleiskrieg.logics.game.model.objects.terrains.BasicTerrain'),
(11, 15, 14, 'com.example.poleiskrieg.logics.game.model.objects.terrains.BasicTerrain'),
(11, 15, 15, 'com.example.poleiskrieg.logics.game.model.objects.terrains.MountainTerrain'),
(11, 15, 16, 'com.example.poleiskrieg.logics.game.model.objects.terrains.BasicTerrain'),
(11, 15, 17, 'com.example.poleiskrieg.logics.game.model.objects.terrains.BasicTerrain'),
(11, 15, 18, 'com.example.poleiskrieg.logics.game.model.objects.terrains.WaterTerrain'),
(11, 15, 19, 'com.example.poleiskrieg.logics.game.model.objects.terrains.WaterTerrain'),
(11, 16, 0, 'com.example.poleiskrieg.logics.game.model.objects.terrains.WaterTerrain'),
(11, 16, 1, 'com.example.poleiskrieg.logics.game.model.objects.terrains.WaterTerrain'),
(11, 16, 2, 'com.example.poleiskrieg.logics.game.model.objects.terrains.BasicTerrain'),
(11, 16, 3, 'com.example.poleiskrieg.logics.game.model.objects.terrains.MountainTerrain'),
(11, 16, 4, 'com.example.poleiskrieg.logics.game.model.objects.terrains.MountainTerrain'),
(11, 16, 5, 'com.example.poleiskrieg.logics.game.model.objects.terrains.BasicTerrain'),
(11, 16, 6, 'com.example.poleiskrieg.logics.game.model.objects.terrains.BasicTerrain'),
(11, 16, 7, 'com.example.poleiskrieg.logics.game.model.objects.terrains.BasicTerrain'),
(11, 16, 8, 'com.example.poleiskrieg.logics.game.model.objects.terrains.BasicTerrain'),
(11, 16, 9, 'com.example.poleiskrieg.logics.game.model.objects.terrains.WaterTerrain'),
(11, 16, 10, 'com.example.poleiskrieg.logics.game.model.objects.terrains.WaterTerrain'),
(11, 16, 11, 'com.example.poleiskrieg.logics.game.model.objects.terrains.WaterTerrain'),
(11, 16, 12, 'com.example.poleiskrieg.logics.game.model.objects.terrains.BasicTerrain'),
(11, 16, 13, 'com.example.poleiskrieg.logics.game.model.objects.terrains.BasicTerrain'),
(11, 16, 14, 'com.example.poleiskrieg.logics.game.model.objects.terrains.BasicTerrain'),
(11, 16, 15, 'com.example.poleiskrieg.logics.game.model.objects.terrains.BasicTerrain'),
(11, 16, 16, 'com.example.poleiskrieg.logics.game.model.objects.terrains.BasicTerrain'),
(11, 16, 17, 'com.example.poleiskrieg.logics.game.model.objects.terrains.BasicTerrain'),
(11, 16, 18, 'com.example.poleiskrieg.logics.game.model.objects.terrains.WaterTerrain'),
(11, 16, 19, 'com.example.poleiskrieg.logics.game.model.objects.terrains.WaterTerrain'),
(11, 17, 0, 'com.example.poleiskrieg.logics.game.model.objects.terrains.WaterTerrain'),
(11, 17, 1, 'com.example.poleiskrieg.logics.game.model.objects.terrains.WaterTerrain'),
(11, 17, 2, 'com.example.poleiskrieg.logics.game.model.objects.terrains.BasicTerrain'),
(11, 17, 3, 'com.example.poleiskrieg.logics.game.model.objects.terrains.BasicTerrain'),
(11, 17, 4, 'com.example.poleiskrieg.logics.game.model.objects.terrains.BasicTerrain'),
(11, 17, 5, 'com.example.poleiskrieg.logics.game.model.objects.terrains.BasicTerrain'),
(11, 17, 6, 'com.example.poleiskrieg.logics.game.model.objects.terrains.BasicTerrain'),
(11, 17, 7, 'com.example.poleiskrieg.logics.game.model.objects.terrains.BasicTerrain'),
(11, 17, 8, 'com.example.poleiskrieg.logics.game.model.objects.terrains.BasicTerrain'),
(11, 17, 9, 'com.example.poleiskrieg.logics.game.model.objects.terrains.WaterTerrain'),
(11, 17, 10, 'com.example.poleiskrieg.logics.game.model.objects.terrains.WaterTerrain'),
(11, 17, 11, 'com.example.poleiskrieg.logics.game.model.objects.terrains.WaterTerrain'),
(11, 17, 12, 'com.example.poleiskrieg.logics.game.model.objects.terrains.WaterTerrain'),
(11, 17, 13, 'com.example.poleiskrieg.logics.game.model.objects.terrains.WaterTerrain'),
(11, 17, 14, 'com.example.poleiskrieg.logics.game.model.objects.terrains.WaterTerrain'),
(11, 17, 15, 'com.example.poleiskrieg.logics.game.model.objects.terrains.WaterTerrain'),
(11, 17, 16, 'com.example.poleiskrieg.logics.game.model.objects.terrains.WaterTerrain'),
(11, 17, 17, 'com.example.poleiskrieg.logics.game.model.objects.terrains.WaterTerrain'),
(11, 17, 18, 'com.example.poleiskrieg.logics.game.model.objects.terrains.WaterTerrain'),
(11, 17, 19, 'com.example.poleiskrieg.logics.game.model.objects.terrains.WaterTerrain'),
(11, 18, 0, 'com.example.poleiskrieg.logics.game.model.objects.terrains.WaterTerrain'),
(11, 18, 1, 'com.example.poleiskrieg.logics.game.model.objects.terrains.WaterTerrain'),
(11, 18, 2, 'com.example.poleiskrieg.logics.game.model.objects.terrains.WaterTerrain'),
(11, 18, 3, 'com.example.poleiskrieg.logics.game.model.objects.terrains.WaterTerrain'),
(11, 18, 4, 'com.example.poleiskrieg.logics.game.model.objects.terrains.WaterTerrain'),
(11, 18, 5, 'com.example.poleiskrieg.logics.game.model.objects.terrains.WaterTerrain'),
(11, 18, 6, 'com.example.poleiskrieg.logics.game.model.objects.terrains.WaterTerrain'),
(11, 18, 7, 'com.example.poleiskrieg.logics.game.model.objects.terrains.WaterTerrain');
INSERT INTO `CaseEntity` (`gameId`, `x`, `y`, `terrain`) VALUES
(11, 18, 8, 'com.example.poleiskrieg.logics.game.model.objects.terrains.WaterTerrain'),
(11, 18, 9, 'com.example.poleiskrieg.logics.game.model.objects.terrains.WaterTerrain'),
(11, 18, 10, 'com.example.poleiskrieg.logics.game.model.objects.terrains.WaterTerrain'),
(11, 18, 11, 'com.example.poleiskrieg.logics.game.model.objects.terrains.WaterTerrain'),
(11, 18, 12, 'com.example.poleiskrieg.logics.game.model.objects.terrains.WaterTerrain'),
(11, 18, 13, 'com.example.poleiskrieg.logics.game.model.objects.terrains.WaterTerrain'),
(11, 18, 14, 'com.example.poleiskrieg.logics.game.model.objects.terrains.WaterTerrain'),
(11, 18, 15, 'com.example.poleiskrieg.logics.game.model.objects.terrains.WaterTerrain'),
(11, 18, 16, 'com.example.poleiskrieg.logics.game.model.objects.terrains.WaterTerrain'),
(11, 18, 17, 'com.example.poleiskrieg.logics.game.model.objects.terrains.WaterTerrain'),
(11, 18, 18, 'com.example.poleiskrieg.logics.game.model.objects.terrains.WaterTerrain'),
(11, 18, 19, 'com.example.poleiskrieg.logics.game.model.objects.terrains.WaterTerrain'),
(11, 19, 0, 'com.example.poleiskrieg.logics.game.model.objects.terrains.WaterTerrain'),
(11, 19, 1, 'com.example.poleiskrieg.logics.game.model.objects.terrains.WaterTerrain'),
(11, 19, 2, 'com.example.poleiskrieg.logics.game.model.objects.terrains.WaterTerrain'),
(11, 19, 3, 'com.example.poleiskrieg.logics.game.model.objects.terrains.WaterTerrain'),
(11, 19, 4, 'com.example.poleiskrieg.logics.game.model.objects.terrains.WaterTerrain'),
(11, 19, 5, 'com.example.poleiskrieg.logics.game.model.objects.terrains.WaterTerrain'),
(11, 19, 6, 'com.example.poleiskrieg.logics.game.model.objects.terrains.WaterTerrain'),
(11, 19, 7, 'com.example.poleiskrieg.logics.game.model.objects.terrains.WaterTerrain'),
(11, 19, 8, 'com.example.poleiskrieg.logics.game.model.objects.terrains.WaterTerrain'),
(11, 19, 9, 'com.example.poleiskrieg.logics.game.model.objects.terrains.WaterTerrain'),
(11, 19, 10, 'com.example.poleiskrieg.logics.game.model.objects.terrains.WaterTerrain'),
(11, 19, 11, 'com.example.poleiskrieg.logics.game.model.objects.terrains.WaterTerrain'),
(11, 19, 12, 'com.example.poleiskrieg.logics.game.model.objects.terrains.WaterTerrain'),
(11, 19, 13, 'com.example.poleiskrieg.logics.game.model.objects.terrains.WaterTerrain'),
(11, 19, 14, 'com.example.poleiskrieg.logics.game.model.objects.terrains.WaterTerrain'),
(11, 19, 15, 'com.example.poleiskrieg.logics.game.model.objects.terrains.WaterTerrain'),
(11, 19, 16, 'com.example.poleiskrieg.logics.game.model.objects.terrains.WaterTerrain'),
(11, 19, 17, 'com.example.poleiskrieg.logics.game.model.objects.terrains.WaterTerrain'),
(11, 19, 18, 'com.example.poleiskrieg.logics.game.model.objects.terrains.WaterTerrain'),
(11, 19, 19, 'com.example.poleiskrieg.logics.game.model.objects.terrains.WaterTerrain');

-- --------------------------------------------------------

--
-- Struttura della tabella `GameEntity`
--

CREATE TABLE `GameEntity` (
  `id` bigint(20) NOT NULL,
  `gameName` varchar(50) COLLATE utf8_bin NOT NULL,
  `turnPlayerId` int(11) NOT NULL,
  `mapHeight` int(11) NOT NULL,
  `numberOfPlayers` int(11) NOT NULL,
  `mapWidth` int(11) NOT NULL,
  `gameRules` varchar(200) COLLATE utf8_bin NOT NULL,
  `firstTurn` tinyint(1) NOT NULL,
  `isValid` tinyint(1) NOT NULL,
  `dateSaved` bigint(20) NOT NULL,
  `creatorId` varchar(50) COLLATE utf8_bin NOT NULL
) ENGINE=InnoDB DEFAULT CHARSET=utf8 COLLATE=utf8_bin;

--
-- Dump dei dati per la tabella `GameEntity`
--

INSERT INTO `GameEntity` (`id`, `gameName`, `turnPlayerId`, `mapHeight`, `numberOfPlayers`, `mapWidth`, `gameRules`, `firstTurn`, `isValid`, `dateSaved`, `creatorId`) VALUES
(1, 'Game050620', 1, 20, 2, 20, 'com.example.poleiskrieg.logics.game.model.gamerules.BigStartGameMode', 0, 1, 1591393470784, 'cane'),
(2, 'Game050620', 1, 20, 2, 20, 'com.example.poleiskrieg.logics.game.model.gamerules.BigStartGameMode', 1, 0, 1591389620232, 'Franco'),
(3, 'Game070620', 2, 20, 3, 20, 'com.example.poleiskrieg.logics.game.model.gamerules.BigStartGameMode', 0, 1, 1591806858695, 'Franco'),
(5, 'Game070620', 1, 20, 2, 20, 'com.example.poleiskrieg.logics.game.model.gamerules.BigStartGameMode', 1, 0, 1591560251972, 'Franco'),
(6, 'Game070620', 1, 20, 2, 20, 'com.example.poleiskrieg.logics.game.model.gamerules.BigStartGameMode', 1, 0, 1591560263308, 'Franco'),
(7, 'Game070620', 1, 20, 2, 20, 'com.example.poleiskrieg.logics.game.model.gamerules.BigStartGameMode', 1, 0, 1591560268182, 'Franco'),
(8, 'Game080620', 1, 20, 2, 20, 'com.example.poleiskrieg.logics.game.model.gamerules.BigStartGameMode', 1, 0, 1591632312521, 'Franco'),
(9, 'Game110620', 1, 20, 2, 20, 'com.example.poleiskrieg.logics.game.model.gamerules.BigStartGameMode', 1, 0, 1591887421699, 'prova'),
(11, 'Game110620', 3, 20, 3, 20, 'com.example.poleiskrieg.logics.game.model.gamerules.BigStartGameMode', 0, 1, 1591887690228, 'ciao');

-- --------------------------------------------------------

--
-- Struttura della tabella `PlayerEntity`
--

CREATE TABLE `PlayerEntity` (
  `gameId` bigint(20) NOT NULL,
  `id` int(11) NOT NULL,
  `playerAccountId` varchar(50) COLLATE utf8_bin NOT NULL,
  `name` varchar(200) COLLATE utf8_bin NOT NULL,
  `race` varchar(200) COLLATE utf8_bin NOT NULL,
  `objective` varchar(200) COLLATE utf8_bin NOT NULL,
  `eliminated` tinyint(1) NOT NULL
) ENGINE=InnoDB DEFAULT CHARSET=utf8 COLLATE=utf8_bin;

--
-- Dump dei dati per la tabella `PlayerEntity`
--

INSERT INTO `PlayerEntity` (`gameId`, `id`, `playerAccountId`, `name`, `race`, `objective`, `eliminated`) VALUES
(1, 1, 'cane', 'Player1', 'com.example.poleiskrieg.logics.game.model.races.ElvesRace', 'com.example.poleiskrieg.logics.game.model.objectives.LastStandingObjective', 0),
(1, 2, 'Franco', 'Anto gay', 'com.example.poleiskrieg.logics.game.model.races.HumansRace', 'com.example.poleiskrieg.logics.game.model.objectives.LastStandingObjective', 0),
(3, 1, 'Franco', 'Ferro', 'com.example.poleiskrieg.logics.game.model.races.HumansRace', 'com.example.poleiskrieg.logics.game.model.objectives.LastStandingObjective', 0),
(3, 2, 'paolo', 'Player2', 'com.example.poleiskrieg.logics.game.model.races.ElvesRace', 'com.example.poleiskrieg.logics.game.model.objectives.LastStandingObjective', 0),
(3, 3, 'SommoKeivan', 'Player3', 'com.example.poleiskrieg.logics.game.model.races.LizardmenRace', 'com.example.poleiskrieg.logics.game.model.objectives.LastStandingObjective', 0),
(6, 1, 'An', 'Player1', 'com.example.poleiskrieg.logics.game.model.races.ElvesRace', 'com.example.poleiskrieg.logics.game.model.objectives.LastStandingObjective', 0),
(9, 1, 'prova', 'Player1', 'com.example.poleiskrieg.logics.game.model.races.ElvesRace', 'com.example.poleiskrieg.logics.game.model.objectives.LastStandingObjective', 0),
(11, 1, 'ciao', 'Player1', 'com.example.poleiskrieg.logics.game.model.races.LizardmenRace', 'com.example.poleiskrieg.logics.game.model.objectives.LastStandingObjective', 0),
(11, 2, 'prova', 'Player2', 'com.example.poleiskrieg.logics.game.model.races.ElvesRace', 'com.example.poleiskrieg.logics.game.model.objectives.LastStandingObjective', 0),
(11, 3, 'paolo', 'Player3', 'com.example.poleiskrieg.logics.game.model.races.HumansRace', 'com.example.poleiskrieg.logics.game.model.objectives.LastStandingObjective', 0);

-- --------------------------------------------------------

--
-- Struttura della tabella `ResourceEntity`
--

CREATE TABLE `ResourceEntity` (
  `playerOwnerId` int(11) NOT NULL,
  `gameId` bigint(20) NOT NULL,
  `resource` varchar(200) COLLATE utf8_bin NOT NULL,
  `actualQuantity` int(11) NOT NULL,
  `maxQuantity` int(11) NOT NULL
) ENGINE=InnoDB DEFAULT CHARSET=utf8 COLLATE=utf8_bin;

--
-- Dump dei dati per la tabella `ResourceEntity`
--

INSERT INTO `ResourceEntity` (`playerOwnerId`, `gameId`, `resource`, `actualQuantity`, `maxQuantity`) VALUES
(1, 1, 'GOLD', 105, 7500),
(1, 1, 'POPULATION', 5, 15),
(1, 1, 'WOOD', 605, 7500),
(1, 3, 'GOLD', 775, 12500),
(1, 3, 'POPULATION', 3, 25),
(1, 3, 'WOOD', 1275, 12500),
(1, 11, 'GOLD', 2860, 5000),
(1, 11, 'POPULATION', 1, 10),
(1, 11, 'WOOD', 2940, 5000),
(2, 1, 'GOLD', 1555, 12500),
(2, 1, 'POPULATION', 13, 25),
(2, 1, 'WOOD', 1805, 12500),
(2, 3, 'GOLD', 2780, 7500),
(2, 3, 'POPULATION', 2, 15),
(2, 3, 'WOOD', 2820, 7500),
(2, 11, 'GOLD', 2610, 5000),
(2, 11, 'POPULATION', 1, 10),
(2, 11, 'WOOD', 2590, 5000),
(3, 3, 'GOLD', 185, 5000),
(3, 3, 'POPULATION', 3, 10),
(3, 3, 'WOOD', 370, 5000),
(3, 11, 'GOLD', 3000, 5000),
(3, 11, 'POPULATION', 0, 10),
(3, 11, 'WOOD', 3000, 5000);

-- --------------------------------------------------------

--
-- Struttura della tabella `SkillTreeAttributeEntity`
--

CREATE TABLE `SkillTreeAttributeEntity` (
  `playerOwnerId` int(11) NOT NULL,
  `gameId` bigint(20) NOT NULL,
  `className` varchar(200) COLLATE utf8_bin NOT NULL,
  `currentLevel` int(11) NOT NULL
) ENGINE=InnoDB DEFAULT CHARSET=utf8 COLLATE=utf8_bin;

--
-- Dump dei dati per la tabella `SkillTreeAttributeEntity`
--

INSERT INTO `SkillTreeAttributeEntity` (`playerOwnerId`, `gameId`, `className`, `currentLevel`) VALUES
(1, 1, 'com.example.poleiskrieg.logics.game.model.skilltree.CapitalLevel', 0),
(1, 1, 'com.example.poleiskrieg.logics.game.model.skilltree.ShipLevel', 0),
(1, 1, 'com.example.poleiskrieg.logics.game.model.skilltree.UnitLevel', 5),
(1, 1, 'com.example.poleiskrieg.logics.game.model.skilltree.WoodGoldBoost', 1),
(1, 3, 'com.example.poleiskrieg.logics.game.model.skilltree.CapitalLevel', 2),
(1, 3, 'com.example.poleiskrieg.logics.game.model.skilltree.ShipLevel', 0),
(1, 3, 'com.example.poleiskrieg.logics.game.model.skilltree.UnitLevel', 2),
(1, 3, 'com.example.poleiskrieg.logics.game.model.skilltree.WoodGoldBoost', 1),
(1, 11, 'com.example.poleiskrieg.logics.game.model.skilltree.CapitalLevel', 0),
(1, 11, 'com.example.poleiskrieg.logics.game.model.skilltree.ShipLevel', 0),
(1, 11, 'com.example.poleiskrieg.logics.game.model.skilltree.UnitLevel', 1),
(1, 11, 'com.example.poleiskrieg.logics.game.model.skilltree.WoodGoldBoost', 0),
(2, 1, 'com.example.poleiskrieg.logics.game.model.skilltree.CapitalLevel', 0),
(2, 1, 'com.example.poleiskrieg.logics.game.model.skilltree.ShipLevel', 0),
(2, 1, 'com.example.poleiskrieg.logics.game.model.skilltree.UnitLevel', 4),
(2, 1, 'com.example.poleiskrieg.logics.game.model.skilltree.WoodGoldBoost', 2),
(2, 3, 'com.example.poleiskrieg.logics.game.model.skilltree.CapitalLevel', 0),
(2, 3, 'com.example.poleiskrieg.logics.game.model.skilltree.ShipLevel', 0),
(2, 3, 'com.example.poleiskrieg.logics.game.model.skilltree.UnitLevel', 1),
(2, 3, 'com.example.poleiskrieg.logics.game.model.skilltree.WoodGoldBoost', 0),
(2, 11, 'com.example.poleiskrieg.logics.game.model.skilltree.CapitalLevel', 0),
(2, 11, 'com.example.poleiskrieg.logics.game.model.skilltree.ShipLevel', 0),
(2, 11, 'com.example.poleiskrieg.logics.game.model.skilltree.UnitLevel', 2),
(2, 11, 'com.example.poleiskrieg.logics.game.model.skilltree.WoodGoldBoost', 0),
(3, 3, 'com.example.poleiskrieg.logics.game.model.skilltree.CapitalLevel', 0),
(3, 3, 'com.example.poleiskrieg.logics.game.model.skilltree.ShipLevel', 0),
(3, 3, 'com.example.poleiskrieg.logics.game.model.skilltree.UnitLevel', 2),
(3, 3, 'com.example.poleiskrieg.logics.game.model.skilltree.WoodGoldBoost', 4),
(3, 11, 'com.example.poleiskrieg.logics.game.model.skilltree.CapitalLevel', 0),
(3, 11, 'com.example.poleiskrieg.logics.game.model.skilltree.ShipLevel', 0),
(3, 11, 'com.example.poleiskrieg.logics.game.model.skilltree.UnitLevel', 1),
(3, 11, 'com.example.poleiskrieg.logics.game.model.skilltree.WoodGoldBoost', 0);

-- --------------------------------------------------------

--
-- Struttura della tabella `StructureEntity`
--

CREATE TABLE `StructureEntity` (
  `gameId` bigint(20) NOT NULL,
  `x` int(11) NOT NULL,
  `y` int(11) NOT NULL,
  `className` varchar(200) COLLATE utf8_bin NOT NULL,
  `produced` int(11) NOT NULL,
  `remaining` int(11) NOT NULL,
  `ownerPlayerId` int(11) NOT NULL,
  `conquerorPlayerId` int(11) NOT NULL
) ENGINE=InnoDB DEFAULT CHARSET=utf8 COLLATE=utf8_bin;

--
-- Dump dei dati per la tabella `StructureEntity`
--

INSERT INTO `StructureEntity` (`gameId`, `x`, `y`, `className`, `produced`, `remaining`, `ownerPlayerId`, `conquerorPlayerId`) VALUES
(1, 2, 3, 'com.example.poleiskrieg.logics.game.model.objects.structures.Mine', 0, 5000, -1, -1),
(1, 2, 4, 'com.example.poleiskrieg.logics.game.model.objects.structures.Mine', 0, 5000, -1, -1),
(1, 2, 6, 'com.example.poleiskrieg.logics.game.model.objects.structures.Carpentry', 0, 5000, -1, -1),
(1, 2, 13, 'com.example.poleiskrieg.logics.game.model.objects.structures.Carpentry', 0, 5000, -1, -1),
(1, 4, 3, 'com.example.poleiskrieg.logics.game.model.objects.structures.CityImpl', 5, -1, -1, -1),
(1, 4, 8, 'com.example.poleiskrieg.logics.game.model.objects.structures.Harbor', -1, -1, -1, -1),
(1, 4, 15, 'com.example.poleiskrieg.logics.game.model.objects.structures.Carpentry', 0, 5000, -1, -1),
(1, 4, 16, 'com.example.poleiskrieg.logics.game.model.objects.structures.Mine', 0, 5000, -1, -1),
(1, 5, 6, 'com.example.poleiskrieg.logics.game.model.objects.structures.Carpentry', 0, 5000, -1, -1),
(1, 5, 13, 'com.example.poleiskrieg.logics.game.model.objects.structures.CityImpl', 5, -1, -1, -1),
(1, 5, 15, 'com.example.poleiskrieg.logics.game.model.objects.structures.Mine', 0, 5000, -1, -1),
(1, 6, 5, 'com.example.poleiskrieg.logics.game.model.objects.structures.Mine', 0, 5000, -1, -1),
(1, 6, 13, 'com.example.poleiskrieg.logics.game.model.objects.structures.CityImpl', 5, -1, -1, -1),
(1, 7, 13, 'com.example.poleiskrieg.logics.game.model.objects.structures.Mine', 0, 5000, -1, -1),
(1, 8, 6, 'com.example.poleiskrieg.logics.game.model.objects.structures.CityImpl', 5, -1, 1, 1),
(1, 8, 16, 'com.example.poleiskrieg.logics.game.model.objects.structures.Mine', 0, 0, 2, 2),
(1, 9, 2, 'com.example.poleiskrieg.logics.game.model.objects.structures.Mine', 0, 5000, -1, -1),
(1, 9, 3, 'com.example.poleiskrieg.logics.game.model.objects.structures.CityImpl', 5, -1, -1, -1),
(1, 9, 15, 'com.example.poleiskrieg.logics.game.model.objects.structures.CityImpl', 5, -1, 2, 2),
(1, 10, 3, 'com.example.poleiskrieg.logics.game.model.objects.structures.CityImpl', 5, -1, -1, -1),
(1, 10, 5, 'com.example.poleiskrieg.logics.game.model.objects.structures.Level1Capital', 10, -1, 1, -1),
(1, 10, 14, 'com.example.poleiskrieg.logics.game.model.objects.structures.Level1Capital', 10, -1, 2, -1),
(1, 10, 15, 'com.example.poleiskrieg.logics.game.model.objects.structures.CityImpl', 5, -1, 2, 2),
(1, 12, 2, 'com.example.poleiskrieg.logics.game.model.objects.structures.CityImpl', 5, -1, -1, -1),
(1, 12, 4, 'com.example.poleiskrieg.logics.game.model.objects.structures.Mine', 0, 5000, -1, -1),
(1, 12, 5, 'com.example.poleiskrieg.logics.game.model.objects.structures.Carpentry', 0, 5000, -1, -1),
(1, 13, 15, 'com.example.poleiskrieg.logics.game.model.objects.structures.CityImpl', 5, -1, -1, -1),
(1, 14, 11, 'com.example.poleiskrieg.logics.game.model.objects.structures.CityImpl', 5, -1, 2, 2),
(1, 14, 14, 'com.example.poleiskrieg.logics.game.model.objects.structures.Mine', 0, 5000, -1, -1),
(1, 15, 3, 'com.example.poleiskrieg.logics.game.model.objects.structures.Carpentry', 0, 5000, -1, -1),
(1, 15, 4, 'com.example.poleiskrieg.logics.game.model.objects.structures.CityImpl', 5, -1, -1, -1),
(1, 15, 6, 'com.example.poleiskrieg.logics.game.model.objects.structures.Carpentry', 0, 5000, -1, -1),
(1, 15, 14, 'com.example.poleiskrieg.logics.game.model.objects.structures.Carpentry', 0, 5000, -1, -1),
(1, 16, 5, 'com.example.poleiskrieg.logics.game.model.objects.structures.Mine', 0, 5000, -1, -1),
(1, 16, 15, 'com.example.poleiskrieg.logics.game.model.objects.structures.Mine', 0, 5000, -1, -1),
(1, 16, 16, 'com.example.poleiskrieg.logics.game.model.objects.structures.Carpentry', 0, 5000, -1, -1),
(1, 18, 14, 'com.example.poleiskrieg.logics.game.model.objects.structures.Harbor', -1, -1, -1, -1),
(3, 2, 2, 'com.example.poleiskrieg.logics.game.model.objects.structures.CityImpl', 5, -1, -1, -1),
(3, 2, 5, 'com.example.poleiskrieg.logics.game.model.objects.structures.Carpentry', 0, 5000, -1, -1),
(3, 2, 13, 'com.example.poleiskrieg.logics.game.model.objects.structures.Carpentry', 0, 5000, -1, -1),
(3, 3, 2, 'com.example.poleiskrieg.logics.game.model.objects.structures.Mine', 0, 5000, -1, -1),
(3, 3, 12, 'com.example.poleiskrieg.logics.game.model.objects.structures.CityImpl', 5, -1, -1, -1),
(3, 3, 15, 'com.example.poleiskrieg.logics.game.model.objects.structures.CityImpl', 5, -1, -1, -1),
(3, 4, 14, 'com.example.poleiskrieg.logics.game.model.objects.structures.CityImpl', 5, -1, -1, -1),
(3, 4, 16, 'com.example.poleiskrieg.logics.game.model.objects.structures.Mine', 0, 5000, -1, -1),
(3, 5, 5, 'com.example.poleiskrieg.logics.game.model.objects.structures.Carpentry', 0, 5000, -1, 1),
(3, 5, 7, 'com.example.poleiskrieg.logics.game.model.objects.structures.Mine', 0, 5000, -1, -1),
(3, 6, 5, 'com.example.poleiskrieg.logics.game.model.objects.structures.Level3Capital', 20, -1, 1, -1),
(3, 6, 12, 'com.example.poleiskrieg.logics.game.model.objects.structures.Mine', 0, 5000, -1, -1),
(3, 6, 15, 'com.example.poleiskrieg.logics.game.model.objects.structures.Level1Capital', 10, -1, 3, -1),
(3, 7, 4, 'com.example.poleiskrieg.logics.game.model.objects.structures.Carpentry', 250, 2000, 1, 1),
(3, 7, 15, 'com.example.poleiskrieg.logics.game.model.objects.structures.Carpentry', 0, 5000, -1, -1),
(3, 8, 4, 'com.example.poleiskrieg.logics.game.model.objects.structures.CityImpl', 5, -1, 1, 1),
(3, 8, 15, 'com.example.poleiskrieg.logics.game.model.objects.structures.Carpentry', 0, 5000, -1, -1),
(3, 9, 5, 'com.example.poleiskrieg.logics.game.model.objects.structures.Carpentry', 0, 5000, 1, 1),
(3, 9, 11, 'com.example.poleiskrieg.logics.game.model.objects.structures.Harbor', -1, -1, -1, -1),
(3, 10, 3, 'com.example.poleiskrieg.logics.game.model.objects.structures.Mine', 0, 5000, -1, -1),
(3, 10, 7, 'com.example.poleiskrieg.logics.game.model.objects.structures.CityImpl', 5, -1, -1, -1),
(3, 10, 13, 'com.example.poleiskrieg.logics.game.model.objects.structures.Carpentry', 0, 5000, -1, -1),
(3, 10, 15, 'com.example.poleiskrieg.logics.game.model.objects.structures.CityImpl', 5, -1, -1, -1),
(3, 11, 2, 'com.example.poleiskrieg.logics.game.model.objects.structures.Mine', 0, 5000, -1, -1),
(3, 11, 4, 'com.example.poleiskrieg.logics.game.model.objects.structures.CityImpl', 5, -1, -1, -1),
(3, 11, 5, 'com.example.poleiskrieg.logics.game.model.objects.structures.Mine', 0, 5000, 2, 2),
(3, 11, 7, 'com.example.poleiskrieg.logics.game.model.objects.structures.Carpentry', 0, 5000, -1, -1),
(3, 12, 6, 'com.example.poleiskrieg.logics.game.model.objects.structures.CityImpl', 5, -1, 2, 2),
(3, 12, 12, 'com.example.poleiskrieg.logics.game.model.objects.structures.Carpentry', 0, 5000, -1, -1),
(3, 12, 14, 'com.example.poleiskrieg.logics.game.model.objects.structures.CityImpl', 5, -1, -1, -1),
(3, 13, 13, 'com.example.poleiskrieg.logics.game.model.objects.structures.Mine', 0, 5000, -1, -1),
(3, 13, 14, 'com.example.poleiskrieg.logics.game.model.objects.structures.CityImpl', 5, -1, -1, -1),
(3, 14, 2, 'com.example.poleiskrieg.logics.game.model.objects.structures.Mine', 0, 5000, -1, -1),
(3, 14, 5, 'com.example.poleiskrieg.logics.game.model.objects.structures.Level1Capital', 10, -1, 2, -1),
(3, 14, 13, 'com.example.poleiskrieg.logics.game.model.objects.structures.Mine', 0, 5000, -1, -1),
(3, 14, 15, 'com.example.poleiskrieg.logics.game.model.objects.structures.Mine', 0, 5000, -1, -1),
(3, 15, 3, 'com.example.poleiskrieg.logics.game.model.objects.structures.CityImpl', 5, -1, -1, -1),
(3, 15, 7, 'com.example.poleiskrieg.logics.game.model.objects.structures.Carpentry', 0, 5000, -1, -1),
(3, 15, 13, 'com.example.poleiskrieg.logics.game.model.objects.structures.Carpentry', 0, 5000, -1, -1),
(3, 16, 13, 'com.example.poleiskrieg.logics.game.model.objects.structures.Mine', 0, 5000, -1, -1),
(3, 18, 7, 'com.example.poleiskrieg.logics.game.model.objects.structures.Harbor', -1, -1, -1, -1),
(11, 2, 2, 'com.example.poleiskrieg.logics.game.model.objects.structures.Carpentry', 0, 5000, -1, -1),
(11, 2, 3, 'com.example.poleiskrieg.logics.game.model.objects.structures.Carpentry', 0, 5000, -1, -1),
(11, 2, 4, 'com.example.poleiskrieg.logics.game.model.objects.structures.Mine', 0, 5000, -1, -1),
(11, 2, 6, 'com.example.poleiskrieg.logics.game.model.objects.structures.CityImpl', 5, -1, -1, -1),
(11, 2, 7, 'com.example.poleiskrieg.logics.game.model.objects.structures.CityImpl', 5, -1, -1, -1),
(11, 2, 15, 'com.example.poleiskrieg.logics.game.model.objects.structures.CityImpl', 5, -1, -1, -1),
(11, 3, 3, 'com.example.poleiskrieg.logics.game.model.objects.structures.Carpentry', 0, 5000, -1, -1),
(11, 3, 12, 'com.example.poleiskrieg.logics.game.model.objects.structures.Mine', 0, 5000, -1, -1),
(11, 4, 5, 'com.example.poleiskrieg.logics.game.model.objects.structures.Mine', 0, 5000, -1, -1),
(11, 4, 9, 'com.example.poleiskrieg.logics.game.model.objects.structures.Harbor', -1, -1, -1, -1),
(11, 4, 16, 'com.example.poleiskrieg.logics.game.model.objects.structures.Carpentry', 0, 5000, -1, -1),
(11, 5, 15, 'com.example.poleiskrieg.logics.game.model.objects.structures.Level1Capital', 10, -1, 3, -1),
(11, 6, 5, 'com.example.poleiskrieg.logics.game.model.objects.structures.Level1Capital', 10, -1, 1, -1),
(11, 6, 13, 'com.example.poleiskrieg.logics.game.model.objects.structures.CityImpl', 5, -1, -1, -1),
(11, 6, 15, 'com.example.poleiskrieg.logics.game.model.objects.structures.CityImpl', 5, -1, -1, -1),
(11, 7, 7, 'com.example.poleiskrieg.logics.game.model.objects.structures.CityImpl', 5, -1, -1, -1),
(11, 8, 2, 'com.example.poleiskrieg.logics.game.model.objects.structures.Carpentry', 0, 5000, -1, -1),
(11, 8, 6, 'com.example.poleiskrieg.logics.game.model.objects.structures.Carpentry', 0, 5000, -1, -1),
(11, 9, 14, 'com.example.poleiskrieg.logics.game.model.objects.structures.Mine', 0, 5000, -1, -1),
(11, 10, 3, 'com.example.poleiskrieg.logics.game.model.objects.structures.Mine', 0, 5000, -1, -1),
(11, 10, 6, 'com.example.poleiskrieg.logics.game.model.objects.structures.CityImpl', 5, -1, -1, -1),
(11, 11, 3, 'com.example.poleiskrieg.logics.game.model.objects.structures.CityImpl', 5, -1, -1, -1),
(11, 11, 13, 'com.example.poleiskrieg.logics.game.model.objects.structures.Carpentry', 0, 5000, -1, -1),
(11, 11, 16, 'com.example.poleiskrieg.logics.game.model.objects.structures.Carpentry', 0, 5000, -1, -1),
(11, 12, 4, 'com.example.poleiskrieg.logics.game.model.objects.structures.CityImpl', 5, -1, -1, -1),
(11, 12, 12, 'com.example.poleiskrieg.logics.game.model.objects.structures.Carpentry', 0, 5000, -1, -1),
(11, 12, 13, 'com.example.poleiskrieg.logics.game.model.objects.structures.Mine', 0, 5000, -1, -1),
(11, 12, 14, 'com.example.poleiskrieg.logics.game.model.objects.structures.Mine', 0, 5000, -1, -1),
(11, 12, 15, 'com.example.poleiskrieg.logics.game.model.objects.structures.Carpentry', 0, 5000, -1, -1),
(11, 12, 16, 'com.example.poleiskrieg.logics.game.model.objects.structures.CityImpl', 5, -1, -1, -1),
(11, 13, 12, 'com.example.poleiskrieg.logics.game.model.objects.structures.Mine', 0, 5000, -1, -1),
(11, 13, 14, 'com.example.poleiskrieg.logics.game.model.objects.structures.CityImpl', 5, -1, -1, -1),
(11, 14, 5, 'com.example.poleiskrieg.logics.game.model.objects.structures.Level1Capital', 10, -1, 2, -1),
(11, 14, 6, 'com.example.poleiskrieg.logics.game.model.objects.structures.Mine', 0, 5000, -1, -1),
(11, 14, 14, 'com.example.poleiskrieg.logics.game.model.objects.structures.CityImpl', 5, -1, -1, -1),
(11, 14, 15, 'com.example.poleiskrieg.logics.game.model.objects.structures.Carpentry', 0, 5000, -1, -1),
(11, 15, 3, 'com.example.poleiskrieg.logics.game.model.objects.structures.Mine', 0, 5000, -1, -1),
(11, 15, 16, 'com.example.poleiskrieg.logics.game.model.objects.structures.Mine', 0, 5000, -1, -1),
(11, 16, 2, 'com.example.poleiskrieg.logics.game.model.objects.structures.Mine', 0, 5000, -1, -1),
(11, 16, 6, 'com.example.poleiskrieg.logics.game.model.objects.structures.Carpentry', 0, 5000, -1, -1),
(11, 16, 11, 'com.example.poleiskrieg.logics.game.model.objects.structures.Harbor', -1, -1, -1, -1);

-- --------------------------------------------------------

--
-- Struttura della tabella `UnitEntity`
--

CREATE TABLE `UnitEntity` (
  `gameId` bigint(20) NOT NULL,
  `x` int(11) NOT NULL,
  `y` int(11) NOT NULL,
  `isVehicle` tinyint(1) NOT NULL,
  `ownerPlayerId` int(11) NOT NULL,
  `className` varchar(200) COLLATE utf8_bin NOT NULL,
  `hp` int(11) NOT NULL,
  `attackCount` int(11) NOT NULL,
  `didFirstMovement` tinyint(1) NOT NULL,
  `movedAfterAttack` tinyint(1) NOT NULL
) ENGINE=InnoDB DEFAULT CHARSET=utf8 COLLATE=utf8_bin;

--
-- Dump dei dati per la tabella `UnitEntity`
--

INSERT INTO `UnitEntity` (`gameId`, `x`, `y`, `isVehicle`, `ownerPlayerId`, `className`, `hp`, `attackCount`, `didFirstMovement`, `movedAfterAttack`) VALUES
(1, 4, 8, 0, 1, 'com.example.poleiskrieg.logics.game.model.objects.unit.Level2Unit', 12, 0, 1, 1),
(1, 4, 8, 1, 1, 'com.example.poleiskrieg.logics.game.model.objects.unit.vehicle.Level1Ship', 18, 1, 1, 1),
(1, 7, 7, 0, 1, 'com.example.poleiskrieg.logics.game.model.objects.unit.Level1Unit', 30, 0, 0, 1),
(1, 8, 5, 0, 1, 'com.example.poleiskrieg.logics.game.model.objects.unit.Level4Unit', 20, 0, 0, 1),
(1, 8, 14, 0, 2, 'com.example.poleiskrieg.logics.game.model.objects.unit.Level4Unit', 30, 0, 0, 1),
(1, 8, 16, 0, 2, 'com.example.poleiskrieg.logics.game.model.objects.unit.Level2Unit', 15, 0, 0, 1),
(1, 10, 13, 0, 2, 'com.example.poleiskrieg.logics.game.model.objects.unit.Level4Unit', 30, 0, 0, 1),
(1, 14, 11, 0, 2, 'com.example.poleiskrieg.logics.game.model.objects.unit.Level5Unit', 35, 0, 0, 1),
(1, 14, 15, 0, 2, 'com.example.poleiskrieg.logics.game.model.objects.unit.Level5Unit', 35, 0, 1, 1),
(1, 16, 12, 0, 2, 'com.example.poleiskrieg.logics.game.model.objects.unit.Level5Unit', 35, 0, 1, 1),
(3, 5, 5, 0, 1, 'com.example.poleiskrieg.logics.game.model.objects.unit.Level3Unit', 25, 0, 1, 1),
(3, 9, 5, 0, 1, 'com.example.poleiskrieg.logics.game.model.objects.unit.Level2Unit', 15, 1, 1, 1),
(3, 9, 11, 0, 3, 'com.example.poleiskrieg.logics.game.model.objects.unit.Level2Unit', 15, 0, 1, 1),
(3, 9, 11, 1, 3, 'com.example.poleiskrieg.logics.game.model.objects.unit.vehicle.Level1Ship', 18, 1, 1, 1),
(3, 9, 12, 0, 3, 'com.example.poleiskrieg.logics.game.model.objects.unit.Level3Unit', 20, 0, 1, 1),
(3, 11, 5, 0, 2, 'com.example.poleiskrieg.logics.game.model.objects.unit.Level1Unit', 13, 0, 0, 1),
(3, 14, 5, 0, 2, 'com.example.poleiskrieg.logics.game.model.objects.unit.Level1Unit', 30, 0, 0, 1),
(11, 6, 5, 0, 1, 'com.example.poleiskrieg.logics.game.model.objects.unit.Level2Unit', 15, 1, 1, 1),
(11, 14, 5, 0, 2, 'com.example.poleiskrieg.logics.game.model.objects.unit.Level2Unit', 12, 1, 1, 1);

--
-- Indici per le tabelle scaricate
--

--
-- Indici per le tabelle `AccountEntity`
--
ALTER TABLE `AccountEntity`
  ADD PRIMARY KEY (`username`);

--
-- Indici per le tabelle `CaseEntity`
--
ALTER TABLE `CaseEntity`
  ADD PRIMARY KEY (`gameId`,`x`,`y`);

--
-- Indici per le tabelle `GameEntity`
--
ALTER TABLE `GameEntity`
  ADD PRIMARY KEY (`id`);

--
-- Indici per le tabelle `PlayerEntity`
--
ALTER TABLE `PlayerEntity`
  ADD PRIMARY KEY (`gameId`,`id`),
  ADD KEY `playerAccountId` (`playerAccountId`);

--
-- Indici per le tabelle `ResourceEntity`
--
ALTER TABLE `ResourceEntity`
  ADD PRIMARY KEY (`playerOwnerId`,`gameId`,`resource`),
  ADD KEY `gameId` (`gameId`);

--
-- Indici per le tabelle `SkillTreeAttributeEntity`
--
ALTER TABLE `SkillTreeAttributeEntity`
  ADD PRIMARY KEY (`playerOwnerId`,`gameId`,`className`),
  ADD KEY `skilltreeattributeentity_ibfk_1` (`gameId`);

--
-- Indici per le tabelle `StructureEntity`
--
ALTER TABLE `StructureEntity`
  ADD PRIMARY KEY (`gameId`,`x`,`y`);

--
-- Indici per le tabelle `UnitEntity`
--
ALTER TABLE `UnitEntity`
  ADD PRIMARY KEY (`gameId`,`x`,`y`,`isVehicle`);

--
-- Limiti per le tabelle scaricate
--

--
-- Limiti per la tabella `CaseEntity`
--
ALTER TABLE `CaseEntity`
  ADD CONSTRAINT `caseentity_ibfk_1` FOREIGN KEY (`gameId`) REFERENCES `GameEntity` (`id`) ON DELETE CASCADE ON UPDATE CASCADE;

--
-- Limiti per la tabella `PlayerEntity`
--
ALTER TABLE `PlayerEntity`
  ADD CONSTRAINT `playerentity_ibfk_1` FOREIGN KEY (`gameId`) REFERENCES `GameEntity` (`id`) ON DELETE CASCADE ON UPDATE CASCADE;

--
-- Limiti per la tabella `ResourceEntity`
--
ALTER TABLE `ResourceEntity`
  ADD CONSTRAINT `resourceentity_ibfk_1` FOREIGN KEY (`gameId`) REFERENCES `PlayerEntity` (`gameId`) ON DELETE CASCADE ON UPDATE CASCADE;

--
-- Limiti per la tabella `SkillTreeAttributeEntity`
--
ALTER TABLE `SkillTreeAttributeEntity`
  ADD CONSTRAINT `skilltreeattributeentity_ibfk_1` FOREIGN KEY (`gameId`) REFERENCES `PlayerEntity` (`gameId`) ON DELETE CASCADE ON UPDATE CASCADE;

--
-- Limiti per la tabella `StructureEntity`
--
ALTER TABLE `StructureEntity`
  ADD CONSTRAINT `structureentity_ibfk_1` FOREIGN KEY (`gameId`) REFERENCES `GameEntity` (`id`) ON DELETE CASCADE ON UPDATE CASCADE;

--
-- Limiti per la tabella `UnitEntity`
--
ALTER TABLE `UnitEntity`
  ADD CONSTRAINT `unitentity_ibfk_1` FOREIGN KEY (`gameId`) REFERENCES `GameEntity` (`id`) ON DELETE CASCADE ON UPDATE CASCADE;
COMMIT;

/*!40101 SET CHARACTER_SET_CLIENT=@OLD_CHARACTER_SET_CLIENT */;
/*!40101 SET CHARACTER_SET_RESULTS=@OLD_CHARACTER_SET_RESULTS */;
/*!40101 SET COLLATION_CONNECTION=@OLD_COLLATION_CONNECTION */;
